model,horizon_days,MAE,MAPE,RMSE,R2
seasonal_naive,7,3.6672,0.4507,8.0749,0.5465
linear,7,1.8561,0.5294,3.3965,0.9245
random_forest,7,2.7858,0.2445,6.0074,0.7639
xgboost,7,2.7708,0.2449,5.9412,0.7691
lightgbm,7,2.4737,0.2425,5.6388,0.792
seasonal_naive,14,3.7011,0.4513,8.1549,0.538
linear,14,3.2968,0.873,5.6443,0.7918
random_forest,14,2.7932,0.2737,6.0165,0.7634
xgboost,14,2.6368,0.2678,5.8196,0.7786
lightgbm,14,2.5715,0.2681,5.7815,0.7815
seasonal_naive,21,3.7321,0.4513,8.2191,0.5313
linear,21,3.7911,0.9665,6.4551,0.7278
random_forest,21,2.7687,0.2771,5.9892,0.7657
xgboost,21,2.7324,0.2851,5.8608,0.7756
lightgbm,21,2.4659,0.2811,5.5554,0.7984
seasonal_naive,28,3.7703,0.4524,8.2618,0.5269
linear,28,4.0728,0.9054,7.1159,0.6695
random_forest,28,3.0314,0.292,6.3343,0.7381
xgboost,28,3.3226,0.3118,6.8869,0.6905
lightgbm,28,2.7731,0.2908,5.9518,0.7688
seasonal_naive,30,3.781,0.4528,8.272,0.5259
linear,30,4.2424,0.8611,7.4354,0.6395
random_forest,30,2.9921,0.2934,6.2813,0.7427
xgboost,30,3.3421,0.2966,6.9557,0.6845
lightgbm,30,2.7274,0.2808,5.9168,0.7717
seasonal_naive,60,3.9963,0.4673,8.5117,0.5005
linear,60,4.6414,0.757,8.3491,0.5472
random_forest,60,3.1516,0.3127,6.4195,0.7323
xgboost,60,3.6526,0.3336,7.2849,0.6553
lightgbm,60,3.036,0.3008,6.2935,0.7427
seasonal_naive,90,4.228,0.4925,8.71,0.4795
linear,90,4.1848,0.726,7.3624,0.6493
random_forest,90,3.5768,0.3111,7.6906,0.6173
xgboost,90,3.2641,0.2734,6.8799,0.6937
lightgbm,90,2.9235,0.2683,6.3287,0.7408
