date,USD_EUR,USD_RUB,TRY_per_USD,USD_ZAR,TRY_EUR,TRY_RUB,TRY_ZAR
2006-12-25,0.7593,26.333,1.4153,6.995,1.863953641511919,0.053746249952531,0.2023302358827734
2007-01-01,0.75913,26.335,1.4181,7.0174,1.868059489152056,0.0538484906018606,0.2020833927095505
2007-01-08,0.77053,26.566,1.4424,7.2714,1.8719582624946465,0.054294963487164,0.1983662018318343
2007-01-15,0.77298,26.559,1.4257,7.2001,1.8444202954798312,0.0536804849580179,0.1980111387341842
2007-01-22,0.77089,26.516,1.4163,7.158,1.837227101142835,0.0534130336400663,0.1978625314333612
2007-01-29,0.77059,26.522,1.4176,7.2617,1.839629374894561,0.0534499660659075,0.1952159962543206
2007-02-05,0.77083,26.46,1.4028,7.1885,1.8198565182984576,0.053015873015873,0.1951450233011059
2007-02-12,0.76552,26.308,1.3984,7.2246,1.826732155920159,0.0531549338604226,0.1935608891841763
2007-02-19,0.7615,26.221,1.3826,7.1057,1.815627051871307,0.0527287288814309,0.1945761853160139
2007-02-26,0.75769,26.149,1.4133,7.2418,1.8652747165727408,0.054047955944778,0.1951586622110525
2007-03-05,0.7619,26.229,1.4338,7.419,1.8818742617141355,0.0546646841282549,0.1932605472435638
2007-03-12,0.75632,26.131,1.4139,7.4276,1.8694467950074043,0.0541081474111208,0.1903575852226829
2007-03-19,0.75109,26.027,1.3914,7.3132,1.8525076888255727,0.0534598685979943,0.1902587102773068
2007-03-26,0.75041,26.016,1.3891,7.2741,1.85112138697512,0.0533940651906519,0.1909652053174963
2007-04-02,0.74839,25.983,1.3781,7.2036,1.8414195806999023,0.053038525189547,0.1913071242156699
2007-04-09,0.74289,25.883,1.3734,7.1607,1.8487259217380767,0.0530618552718,0.1917968913653693
2007-04-16,0.73654,25.763,1.3523,7.0815,1.8360170527058952,0.0524900050459961,0.1909623667302125
2007-04-23,0.73502,25.735,1.3368,7.0334,1.8187260210606515,0.0519448222265397,0.1900645491511928
2007-04-30,0.73573,25.747,1.3574,7.0134,1.8449703016052084,0.0527207053248922,0.1935437876065816
2007-05-07,0.73833,25.794,1.3413,6.9519,1.816667343870627,0.0520004652244708,0.1929400595520649
2007-05-14,0.73904,25.806,1.33,6.9698,1.799631954968608,0.0515384019220336,0.1908232660908491
2007-05-21,0.74322,25.894,1.3258,7.0577,1.7838594225128497,0.0512010504363945,0.1878515663743146
2007-05-28,0.74327,25.889,1.3232,7.1354,1.7802413658562837,0.0511105102553207,0.1854416010314768
2007-06-04,0.74245,25.875,1.3246,7.1973,1.7840932049296248,0.0511922705314009,0.1840412376863546
2007-06-11,0.75069,26.028,1.3349,7.2297,1.7782306944277932,0.0512870754571999,0.1846411331037249
2007-06-18,0.74549,25.942,1.3057,7.118,1.751465479080873,0.0503315087502891,0.1834363585276763
2007-06-25,0.74261,25.818,1.3213,7.1415,1.7792650247101438,0.0511774730807963,0.1850171532591192
2007-07-02,0.73481,25.689,1.2964,7.0025,1.7642655924660795,0.0504651796488769,0.1851338807568725
2007-07-09,0.72876,25.557,1.2859,7.0027,1.7645040891377135,0.0503149821966584,0.1836291716052379
2007-07-16,0.72511,25.443,1.2735,6.9373,1.756285253271917,0.0500530597806862,0.1835728597581191
2007-07-23,0.72706,25.462,1.2641,6.9067,1.7386460539707864,0.0496465320870316,0.1830251784499109
2007-07-30,0.73115,25.58,1.2887,7.1158,1.76256582096697,0.0503792025019546,0.1811040220354703
2007-08-06,0.7269,25.45,1.2787,7.1037,1.7591140459485486,0.0502436149312377,0.1800047862381575
2007-08-13,0.73992,25.675,1.3441,7.3506,1.8165477348902583,0.0523505355404089,0.1828558212934998
2007-08-20,0.73893,25.787,1.3412,7.3098,1.815056906608204,0.052010703067437,0.1834797121672275
2007-08-27,0.73239,25.657,1.3178,7.2039,1.799314572836877,0.0513622013485598,0.1829286914032676
2007-09-03,0.73351,25.657,1.3021,7.2349,1.7751632561246609,0.0507502825739564,0.1799748441581777
2007-09-10,0.72192,25.424,1.2792,7.1837,1.771941489361702,0.050314663310258,0.1780697969013182
2007-09-17,0.71633,25.208,1.2472,7.118,1.7410969804419751,0.0494763567121548,0.175217757797134
2007-09-24,0.70716,24.964,1.2207,6.94,1.72620057695571,0.0488984137157506,0.175893371757925
2007-10-01,0.70587,24.936,1.2032,6.8998,1.7045631631886893,0.048251523901187,0.1743818661410476
2007-10-08,0.70776,24.97,1.1888,6.8341,1.679665423307336,0.0476091309571485,0.1739512152295108
2007-10-15,0.70259,24.88,1.2097,6.8126,1.7217722996342104,0.0486213826366559,0.1775680356985585
2007-10-22,0.70082,24.848,1.2116,6.6771,1.7288319397277476,0.0487604636188023,0.1814560213266238
2007-10-29,0.69305,24.696,1.1831,6.5631,1.7070918404155544,0.0479065435698088,0.1802654233517697
2007-11-05,0.68395,24.516,1.1837,6.5303,1.730682067402588,0.0482827541197585,0.1812627291242362
2007-11-12,0.68329,24.505,1.193,6.7123,1.7459643782288634,0.0486839420526423,0.1777334147758592
2007-11-19,0.67668,24.377,1.1979,6.7762,1.7702606845185318,0.0491405833367518,0.1767804964434343
2007-11-26,0.676,24.362,1.1973,6.8844,1.771153846153846,0.0491462113127001,0.1739149381209691
2007-12-03,0.68185,24.478,1.1797,6.789,1.730145926523429,0.0481942969196829,0.17376638680218
2007-12-10,0.68255,24.483,1.1733,6.7488,1.7189949454252436,0.0479230486459992,0.1738531294452347
2007-12-17,0.69517,24.729,1.1926,6.9509,1.7155515916969952,0.0482267782765174,0.1715749039692702
2007-12-24,0.68799,24.624,1.1764,6.8902,1.7099085742525326,0.0477745289148797,0.1707352471626367
2007-12-31,0.67926,24.441,1.1667,6.8254,1.7176044519035425,0.0477353627102,0.1709350367744015
2008-01-07,0.67972,24.448,1.161,6.866,1.7080562584593657,0.0474885471204188,0.1690940868045441
2008-01-14,0.67622,24.37,1.168,6.8939,1.7272485285853714,0.0479277800574476,0.1694251439678556
2008-01-21,0.68568,24.662,1.2057,7.1483,1.758400420021001,0.0488889789960262,0.168669473860918
2008-01-28,0.67481,24.452,1.1774,7.2941,1.744787421644611,0.0481514804514968,0.1614181324632237
2008-02-04,0.68287,24.639,1.187,7.6215,1.7382517902382593,0.0481756564795649,0.1557436200223053
2008-02-11,0.68526,24.641,1.2078,7.7192,1.7625426845285002,0.0490158678625055,0.1564669913980723
2008-02-18,0.67916,24.54,1.2017,7.7312,1.7693916013899522,0.0489690301548492,0.1554351200331125
2008-02-25,0.66644,24.213,1.1915,7.6043,1.7878578716763698,0.0492091025482179,0.1566876635587759
2008-03-03,0.65496,23.954,1.2229,7.857,1.8671369243923293,0.051052016364699,0.1556446480845106
2008-03-10,0.64654,23.762,1.2298,7.8872,1.902125158536208,0.0517549027859607,0.1559235216553403
2008-03-17,0.63841,23.601,1.2456,8.0804,1.9510972572484768,0.0527774246853946,0.154150784614623
2008-03-24,0.63633,23.557,1.2678,8.0552,1.992362453443968,0.0538183979284289,0.1573890157910418
2008-03-31,0.63816,23.591,1.2974,7.9364,2.0330324683464966,0.0549955491500996,0.1634746232548762
2008-04-07,0.63436,23.514,1.2963,7.8389,2.043476890093953,0.0551288594029089,0.1653675898404112
2008-04-14,0.63072,23.436,1.3221,7.8814,2.096175799086758,0.0564132104454685,0.1677493846270967
2008-04-21,0.63183,23.457,1.3016,7.7001,2.060047797667094,0.055488766679456,0.1690367657562889
2008-04-28,0.64313,23.694,1.2792,7.5873,1.9890224371433456,0.0539883514813876,0.1685975248111976
2008-05-05,0.64746,23.779,1.2631,7.5982,1.9508541068174088,0.053118297657597,0.1662367402805927
2008-05-12,0.64671,23.832,1.2496,7.6105,1.9322416539097893,0.0524337025847599,0.1641942053741541
2008-05-19,0.63723,23.64,1.242,7.6341,1.9490607786827363,0.0525380710659898,0.1626910834283019
2008-05-26,0.6391,23.625,1.2326,7.6803,1.9286496635894224,0.0521735449735449,0.1604885225837532
2008-06-02,0.6445,23.737,1.2318,7.7729,1.9112490302560128,0.0518936681130724,0.1584736713453151
2008-06-09,0.6445,23.686,1.2519,7.9887,1.94243599689682,0.052854006586169,0.156708851252394
2008-06-16,0.64499,23.652,1.2314,8.0326,1.9091768864633565,0.0520632504650769,0.1533003012723153
2008-06-23,0.63967,23.542,1.2265,7.9819,1.9173949067487923,0.052098377368108,0.1536601561031834
2008-06-30,0.63371,23.44,1.2405,7.8245,1.957520001262407,0.0529223549488054,0.1585404818199245
2008-07-07,0.63617,23.459,1.2248,7.7227,1.925271546913561,0.0522102391406283,0.1585973817447266
2008-07-14,0.6298,23.202,1.2087,7.6006,1.9191806922832648,0.0520946470131885,0.1590269189274531
2008-07-21,0.63347,23.297,1.1992,7.5645,1.8930651806715395,0.0514744387689402,0.1585299755436579
2008-07-28,0.63918,23.407,1.1834,7.4187,1.8514346506461403,0.0505575255265518,0.1595158181352528
2008-08-04,0.64872,23.653,1.1641,7.4223,1.7944567764212602,0.0492157443030482,0.1568381768454522
2008-08-11,0.6715,24.332,1.1826,7.8063,1.761131794489948,0.0486026631596251,0.1514930248645325
2008-08-18,0.6781,24.452,1.1889,7.7329,1.753281226957676,0.0486217896286602,0.1537456840253979
2008-08-25,0.67898,24.568,1.189,7.7488,1.7511561459836815,0.0483962878541191,0.1534431137724551
2008-09-01,0.69142,25.078,1.2088,7.8673,1.7482861357785429,0.0482016109737618,0.1536486469309674
2008-09-08,0.70972,25.624,1.2411,8.0539,1.748717804204475,0.0484350608804246,0.1540992562609419
2008-09-15,0.70048,25.476,1.2678,8.1468,1.80990178163545,0.0497644842204427,0.1556193842981293
2008-09-22,0.68185,25.042,1.241,8.1287,1.820048397741439,0.0495567446689561,0.1526689384526431
2008-09-29,0.70952,25.656,1.2819,8.3309,1.806714398466569,0.0499649204864359,0.1538729308958216
2008-10-06,0.73249,26.106,1.3797,9.0001,1.8835752023918413,0.0528499195587221,0.1532982966855924
2008-10-13,0.73611,26.178,1.436,9.5416,1.950795397427015,0.0548552219420887,0.1504988681143623
2008-10-20,0.77095,26.803,1.6275,10.8268,2.111031843829042,0.0607208148341603,0.1503214246129973
2008-10-27,0.78678,27.087,1.5682,10.3696,1.993187422151046,0.057894931147783,0.1512305199814843
2008-11-03,0.78076,26.977,1.5277,9.8548,1.9566832317229368,0.0566297216147088,0.1550209035190973
2008-11-10,0.78902,27.337,1.6042,10.1954,2.0331550531038505,0.0586823718769433,0.1573454695254723
2008-11-17,0.79252,27.463,1.6706,10.3573,2.107959420582446,0.0608309361686632,0.1612968630820773
2008-11-24,0.77948,27.542,1.5895,10.0564,2.039179966131267,0.0577118582528501,0.158058549779245
2008-12-01,0.79095,28.027,1.5863,10.3,2.0055629306530123,0.0565989938273807,0.154009708737864
2008-12-08,0.76722,27.909,1.572,10.1863,2.048955970907953,0.0563259163710631,0.154324926617123
2008-12-15,0.71618,27.639,1.5401,10.0024,2.1504370409673546,0.0557219870472882,0.1539730464688475
2008-12-22,0.7151,28.484,1.5205,9.6726,2.1262760453083485,0.0533808453868838,0.1571966172487232
2008-12-29,0.71235,29.413,1.5334,9.4627,2.1525935284621323,0.0521334103967633,0.1620467731197227
2009-01-05,0.73735,29.703,1.5377,9.4969,2.0854411066657628,0.0517691815641517,0.1619159936400299
2009-01-12,0.75546,31.774,1.601,10.0504,2.11923860958886,0.0503871089570088,0.1592971424022924
2009-01-19,0.7716,32.994,1.6631,10.2022,2.155391394504925,0.0504061344486876,0.1630138597557389
2009-01-26,0.76511,34.063,1.6299,10.0301,2.130281920246762,0.0478495728503067,0.1625008723741538
2009-02-02,0.78064,36.263,1.6445,10.0645,2.106604837056774,0.0453492540606127,0.1633960951860499
2009-02-09,0.77435,35.267,1.6349,9.863,2.111319170917544,0.0463577848980633,0.1657609246679509
2009-02-16,0.79001,35.93,1.6865,10.1207,2.134783104011342,0.0469384915112719,0.1666386712381554
2009-02-23,0.78394,35.869,1.6929,10.0045,2.159476490547746,0.0471967437062644,0.1692138537658054
2009-03-02,0.7939,36.034,1.7464,10.4752,2.199773271192845,0.0484653382916134,0.166717580571254
2009-03-09,0.78345,35.105,1.7561,10.2547,2.2414959474120875,0.0500242130750605,0.1712483056549679
2009-03-16,0.75375,34.102,1.6968,9.7828,2.251144278606965,0.0497566125153949,0.1734472748088482
2009-03-23,0.74118,33.512,1.6646,9.479,2.245878194230821,0.0496717593697779,0.1756092414811689
2009-03-30,0.75115,33.72,1.6444,9.4092,2.189176595886308,0.0487663107947805,0.1747651234961527
2009-04-06,0.75109,33.498,1.5895,9.1133,2.116257705468053,0.0474505940653173,0.1744154148332656
2009-04-13,0.75896,33.423,1.5982,9.0534,2.10577632549805,0.0478173712712802,0.1765303642830318
2009-04-20,0.76775,33.759,1.6398,8.9893,2.135851514164767,0.0485737136763529,0.1824168733939238
2009-04-27,0.75965,33.297,1.6138,8.6603,2.1243993944579738,0.0484668288434393,0.1863445839058693
2009-05-04,0.74923,32.759,1.5633,8.3815,2.0865421833081963,0.0477212369119936,0.1865179263854918
2009-05-11,0.73573,32.167,1.5659,8.5058,2.1283623068245143,0.0486803245562222,0.1840979096616426
2009-05-18,0.7295,31.646,1.5398,8.4507,2.1107607950651133,0.0486570182645516,0.1822097577715455
2009-05-25,0.71659,31.134,1.5584,8.2107,2.1747442749689503,0.0500546026851673,0.1898011131815801
2009-06-01,0.70487,30.724,1.5347,8.0391,2.1772809170485337,0.049951178232001,0.1909044544787352
2009-06-08,0.71531,31.086,1.5462,8.0887,2.1615802938586066,0.0497394325419803,0.1911555626985795
2009-06-15,0.72015,31.214,1.5542,8.0768,2.158161494133167,0.049791760107644,0.1924276941362916
2009-06-22,0.71531,31.266,1.5559,8.078,2.1751408480239336,0.049763321179556,0.1926095568209953
2009-06-29,0.71078,31.16,1.5319,7.7944,2.15523790765075,0.0491623876765083,0.1965385404906086
2009-07-06,0.71726,31.835,1.5495,8.0905,2.160304492094917,0.0486728443536987,0.1915209195970582
2009-07-13,0.71149,32.12,1.5363,8.1691,2.1592713882134675,0.0478300124533001,0.1880623324478828
2009-07-20,0.70338,31.064,1.4963,7.8021,2.127299610452387,0.0481682977079577,0.1917816997987721
2009-07-27,0.70626,31.217,1.4806,7.8239,2.0963950952906862,0.0474292853253035,0.1892406600288858
2009-08-03,0.69614,31.268,1.47,7.9405,2.1116442094980896,0.0470129205577587,0.185126881178767
2009-08-10,0.70299,31.971,1.4852,8.0616,2.112690080939985,0.0464545994807794,0.184231418080778
2009-08-17,0.70562,31.929,1.4987,8.0222,2.123947733907769,0.0469385198408969,0.1868190770611553
2009-08-24,0.69881,31.509,1.4961,7.8046,2.1409252872740803,0.0474816719032657,0.1916946416216077
2009-08-31,0.70023,31.776,1.5058,7.7704,2.1504362852205703,0.0473879657603222,0.1937866776485123
2009-09-07,0.68999,31.11,1.4949,7.5674,2.166553138451282,0.0480520732883317,0.1975447313476226
2009-09-14,0.6825,30.581,1.4833,7.4133,2.1733333333333333,0.0485039730551649,0.2000863313234322
2009-09-21,0.67879,30.124,1.484,7.4361,2.1862431679901,0.0492630460762183,0.1995669773133766
2009-09-28,0.68568,30.117,1.4926,7.5355,2.176817174192043,0.0495600491416807,0.1980757746665782
2009-10-05,0.67986,29.766,1.4706,7.452,2.163092401376754,0.0494053618222132,0.1973429951690821
2009-10-12,0.67345,29.463,1.4559,7.3315,2.161853144257184,0.0494145199063231,0.1985814635477051
2009-10-19,0.66818,29.147,1.463,7.4103,2.189529767427939,0.0501938449926236,0.1974279044033305
2009-10-26,0.67326,29.112,1.4924,7.678,2.216677063838636,0.0512640835394339,0.1943735347746809
2009-11-02,0.67641,29.183,1.4957,7.7376,2.211232832158011,0.0512524414899085,0.1933028329197684
2009-11-09,0.66867,28.769,1.4768,7.4259,2.2085632673815185,0.051333032083145,0.1988715172571674
2009-11-16,0.67137,28.826,1.4858,7.4809,2.2130866735183283,0.0515437452300006,0.1986124664144688
2009-11-23,0.66658,28.976,1.5048,7.4526,2.25749347415164,0.0519326339039204,0.2019161098140246
2009-11-30,0.66335,29.214,1.4993,7.3432,2.260194467475692,0.051321284315739,0.2041752914260812
2009-12-07,0.67737,30.252,1.4987,7.5052,2.2125278651254114,0.0495405262461986,0.199688216170122
2009-12-14,0.69032,30.416,1.5129,7.487,2.1915923050179624,0.0497402682798527,0.2020702551088553
2009-12-21,0.69784,30.23,1.5225,7.6343,2.1817322022240053,0.0503638769434336,0.1994288932842566
2009-12-28,0.69464,29.998,1.5069,7.429,2.169325118046758,0.0502333488899259,0.2028402207564948
2010-01-04,0.69677,29.854,1.4786,7.3598,2.1220775865780674,0.0495277014805386,0.2009021984293051
2010-01-11,0.69032,29.482,1.4539,7.4049,2.106124695793256,0.0493148361712231,0.1963429620926683
2010-01-18,0.70442,29.722,1.4694,7.4973,2.0859714374946763,0.0494381266401991,0.1959905566003761
2010-01-25,0.71149,30.275,1.4919,7.5872,2.0968671379780464,0.0492782824112303,0.1966338043019823
2010-02-01,0.72077,30.212,1.4952,7.5543,2.074448159607087,0.0494902687673772,0.1979270084587586
2010-02-08,0.7303,30.309,1.5164,7.7124,2.076406956045461,0.0500313438252664,0.196618432653908
2010-02-15,0.73454,30.107,1.5157,7.6709,2.0634682930813844,0.0503437738731856,0.1975908954620709
2010-02-22,0.73735,30.035,1.5396,7.7428,2.088017901946159,0.0512601964374896,0.1988427958877925
2010-03-01,0.73567,29.866,1.5417,7.5434,2.0956407084698303,0.0516205718877653,0.2043773364795715
2010-03-08,0.7326,29.574,1.5337,7.4064,2.0935025935025937,0.0518597416649759,0.2070776625621084
2010-03-15,0.7311,29.284,1.5248,7.3352,2.0856244015866503,0.0520693894276738,0.207874359254008
2010-03-22,0.74588,29.615,1.5429,7.3931,2.068563307770687,0.0520985986830997,0.208694593607553
2010-03-29,0.74212,29.458,1.5253,7.3495,2.0553279793025387,0.0517788037205513,0.2075379277501871
2010-04-05,0.74884,29.353,1.5025,7.2892,2.006436621975322,0.0511872721697952,0.2061268726334851
2010-04-12,0.73681,29.031,1.4822,7.317,2.011644793094556,0.0510557679721676,0.2025693590269235
2010-04-19,0.74694,29.175,1.4878,7.4519,1.9918601226336787,0.0509957155098543,0.1996537795729948
2010-04-26,0.75273,29.202,1.4864,7.3831,1.9746788357047007,0.0509006232449832,0.2013246468285679
2010-05-03,0.7725,29.872,1.5226,7.5689,1.9710032362459544,0.0509708087841456,0.2011652948248754
2010-05-10,0.78827,30.07,1.5263,7.5058,1.936265492788004,0.0507582307948121,0.2033494097897626
2010-05-17,0.80802,30.804,1.5676,7.7554,1.9400509888369104,0.050889494870796,0.2021301286845295
2010-05-24,0.81261,31.035,1.575,7.7687,1.9381991361169564,0.0507491541807636,0.2027366226009499
2010-05-31,0.81954,31.119,1.5819,7.6872,1.9302291529394533,0.0508338956907355,0.2057836403371839
2010-06-07,0.83215,31.658,1.5946,7.7508,1.9162410623084785,0.0503695748310063,0.2057336016927285
2010-06-14,0.81274,31.187,1.5677,7.6163,1.9289071535792504,0.0502677397633629,0.2058348541942938
2010-06-21,0.81334,31.027,1.5699,7.5757,1.930189096810682,0.050597866374448,0.2072283749356495
2010-06-28,0.81057,31.18,1.579,7.6701,1.9480118928655143,0.0506414368184733,0.2058643303216385
2010-07-05,0.79397,31.038,1.5578,7.643,1.962038867967304,0.0501900895676267,0.2038204893366479
2010-07-12,0.7853,30.62,1.5448,7.5708,1.96714631351076,0.0504506858262573,0.2040471284408516
2010-07-19,0.77682,30.468,1.5303,7.5556,1.9699544295975904,0.0502264671130366,0.2025385144793265
2010-07-26,0.76858,30.237,1.5136,7.3366,1.9693460667724896,0.0500578761120481,0.2063080991194831
2010-08-02,0.75919,29.88,1.4987,7.2683,1.974077635374544,0.0501572958500669,0.2061967722851285
2010-08-09,0.76935,30.28,1.5087,7.279,1.9610060440631705,0.0498249669749009,0.2072674817969501
2010-08-16,0.77997,30.484,1.5055,7.2856,1.9302024436837315,0.0493865634431177,0.2066404963215109
2010-08-23,0.78945,30.799,1.527,7.3638,1.934258027740832,0.0495795318029806,0.2073657622423205
2010-08-30,0.78333,30.743,1.5179,7.3158,1.9377529266081983,0.0493738411996226,0.2074824352770715
2010-09-06,0.78425,30.818,1.5103,7.2345,1.925788970353841,0.0490070737880459,0.2087635634805446
2010-09-13,0.77184,30.883,1.4975,7.1295,1.9401689469320067,0.0484894602208334,0.2100427799985973
2010-09-20,0.7542,31.002,1.4898,7.0769,1.9753381066030231,0.0480549641958583,0.2105159038562082
2010-09-27,0.73616,30.512,1.4603,6.9807,1.983672027820039,0.0478598584163607,0.2091910553382898
2010-10-04,0.7227,30.06,1.4304,6.9214,1.9792444997924448,0.0475848303393213,0.2066633917993469
2010-10-11,0.71515,30.057,1.4107,6.8487,1.972593162273649,0.0469341584323119,0.2059806970665965
2010-10-18,0.71875,30.589,1.4251,6.9286,1.9827478260869569,0.0465886429762332,0.2056836879023179
2010-10-25,0.71984,30.576,1.4284,6.9777,1.9843298510780167,0.046716378859236,0.2047092881608553
2010-11-01,0.71139,30.73,1.4082,6.8894,1.9795049129169653,0.0458249267816466,0.20440096379946
2010-11-08,0.72417,30.689,1.4178,6.883,1.957827581921372,0.0461989637981035,0.2059857620223739
2010-11-15,0.73486,31.113,1.4514,7.0122,1.975070081376045,0.046649310577572,0.2069821168820056
2010-11-22,0.74593,31.287,1.4734,7.07,1.9752523695252904,0.0470930418384632,0.2084016973125884
2010-11-29,0.7615,31.394,1.4989,7.0363,1.9683519369665128,0.047744791998471,0.2130238903969415
2010-12-06,0.75415,31.083,1.4917,6.8996,1.977988463833455,0.0479908631727954,0.2162009391848803
2010-12-13,0.7512,30.731,1.518,6.8262,2.0207667731629395,0.0493963749959324,0.2223784829041047
2010-12-20,0.76249,30.672,1.5539,6.7863,2.0379283662736563,0.0506618414188836,0.2289760252272961
2010-12-27,0.75632,30.436,1.5549,6.6713,2.0558758197588323,0.0510875279274543,0.2330730142550927
2011-01-03,0.75717,30.59,1.5543,6.7194,2.0527754665398787,0.0508107224583197,0.2313152960085721
2011-01-10,0.76488,30.354,1.5688,6.8766,2.0510406861206985,0.0516834684061408,0.2281359974405956
2011-01-17,0.74427,29.928,1.5552,7.0022,2.089564271030674,0.0519647153167602,0.2221016252035074
2011-01-24,0.73233,29.747,1.5769,7.0828,2.1532642387994483,0.0530103876021111,0.22263793979782
2011-01-31,0.7286,29.517,1.5926,7.1977,2.1858358495745263,0.0539553477656943,0.2212651263598093
2011-02-07,0.73567,29.331,1.5874,7.2657,2.15776095260103,0.0541202141079404,0.2184786049520349
2011-02-14,0.73915,29.279,1.5861,7.2549,2.145843198268281,0.0541719321015062,0.2186246536823388
2011-02-21,0.72886,29.136,1.595,7.0856,2.188348928463628,0.0547432729269632,0.2251044371683414
2011-02-28,0.72176,28.487,1.6057,6.9319,2.224700731545112,0.05636606171236,0.2316392331106911
2011-03-07,0.71999,28.402,1.5895,6.8964,2.2076695509659854,0.0559643687064291,0.2304825706165535
2011-03-14,0.71515,28.639,1.5829,7.005,2.213381808012305,0.0552707845944341,0.2259671663097787
2011-03-21,0.70636,28.295,1.5627,6.9117,2.212327991392491,0.0552288390174942,0.2260948825903902
2011-03-28,0.70887,28.424,1.5522,6.8283,2.189682170214567,0.0546087813115676,0.2273186591098809
2011-04-04,0.70038,28.231,1.5212,6.6906,2.17196379108484,0.0538840281959548,0.2273637640869279
2011-04-11,0.69204,28.143,1.5169,6.7711,2.1919253222357087,0.0538997263973279,0.2240256383748578
2011-04-18,0.69353,28.168,1.5237,6.81,2.197021037301919,0.0540932973587049,0.2237444933920705
2011-04-25,0.67866,27.606,1.5216,6.6442,2.242065246220493,0.0551184525103238,0.2290117696637669
2011-05-02,0.67737,27.414,1.5359,6.6682,2.2674461520291715,0.0560261180418764,0.230332023634564
2011-05-09,0.69886,27.825,1.5693,6.8305,2.2455141230003144,0.056398921832884,0.2297489202840202
2011-05-16,0.70378,28.082,1.5841,6.9439,2.2508454346528746,0.056409799871804,0.2281282852575642
2011-05-23,0.70811,28.32,1.6037,7.0016,2.264761124684018,0.056627824858757,0.2290476462522852
2011-05-30,0.6943,27.962,1.5913,6.813,2.2919487253348696,0.0569093770116586,0.2335681784823132
2011-06-06,0.68535,27.774,1.5819,6.7492,2.3081637119719853,0.0569561460358608,0.2343833343211047
2011-06-13,0.69979,28.032,1.5938,6.8116,2.2775404049786365,0.0568564497716895,0.2339832051206765
2011-06-20,0.69994,28.092,1.6197,6.8072,2.3140554904706114,0.0576569841947885,0.2379392408038547
2011-06-27,0.69609,28.075,1.6327,6.8402,2.3455300320360872,0.0581549421193232,0.2386918511154644
2011-07-04,0.69667,27.941,1.6279,6.7325,2.3366873842708884,0.0582620521813821,0.2417972521351652
2011-07-11,0.70972,28.188,1.649,6.8774,2.323451502000789,0.0585000709521782,0.2397708436327682
2011-07-18,0.70398,27.973,1.6689,6.8909,2.370663939316458,0.0596611017767132,0.2421889738640816
2011-07-25,0.69623,27.617,1.6964,6.7099,2.4365511397095787,0.0614259333019516,0.2528204593213013
2011-08-01,0.70156,27.905,1.7077,6.7932,2.4341467586521466,0.0611969181150331,0.2513837366778543
2011-08-08,0.70175,29.309,1.7666,7.1703,2.517420733879587,0.0602750008529803,0.2463774179601969
2011-08-15,0.69541,28.925,1.7771,7.1599,2.5554708732977667,0.061438202247191,0.2482017905278006
2011-08-22,0.69314,28.938,1.7729,7.1994,2.557780534956863,0.0612654640956527,0.2462566324971525
2011-08-29,0.6956,28.969,1.7331,7.0395,2.49151811385854,0.0598260209189133,0.2461964628169614
2011-09-05,0.71306,29.589,1.7665,7.1597,2.477351134546882,0.0597012403257967,0.2467282148693381
2011-09-12,0.72902,30.383,1.7812,7.3682,2.443280019752544,0.058624888918145,0.2417415379604245
2011-09-19,0.73676,31.681,1.8142,7.9715,2.4624029534719583,0.0572646065465105,0.2275857743210186
2011-09-26,0.73714,32.05,1.8516,7.9426,2.511870201047291,0.0577722308892355,0.2331226550499836
2011-10-03,0.75131,32.536,1.8683,8.1095,2.486723190161185,0.0574225473321858,0.2303841173931808
2011-10-10,0.72993,31.327,1.8358,7.8745,2.515035688353678,0.0586012066268713,0.2331322623658645
2011-10-17,0.72585,31.12,1.8572,8.0398,2.558655369566715,0.0596786632390745,0.2310007711634618
2011-10-24,0.71531,30.374,1.7783,7.88,2.4860549971341097,0.0585467834331994,0.2256725888324873
2011-10-31,0.7248,30.548,1.7693,7.9361,2.441087196467991,0.0579186853476496,0.2229432592835272
2011-11-07,0.73067,30.449,1.7826,7.9645,2.439678651101044,0.0585437945416926,0.223818193232469
2011-11-14,0.73823,30.729,1.803,8.1316,2.4423282716768484,0.0586742165381235,0.2217275812878154
2011-11-21,0.74649,31.299,1.8619,8.4415,2.4942062184356124,0.0594875235630531,0.2205650654504531
2011-11-28,0.7451,31.007,1.8391,8.2005,2.4682592940544894,0.0593124133260231,0.2242668129992073
2011-12-05,0.74621,31.263,1.8357,8.0872,2.4600313584647755,0.0587179733230975,0.2269883272331586
2011-12-12,0.76324,31.736,1.8741,8.3155,2.4554530684974583,0.0590528106881774,0.2253743010041488
2011-12-19,0.76605,31.721,1.8915,8.2356,2.46915997650284,0.0596292676775637,0.2296736121229783
2011-12-26,0.76965,31.856,1.9001,8.1301,2.46878451244072,0.0596465344048216,0.2337117624629463
2012-01-02,0.77513,31.953,1.8804,8.1243,2.4259156528582304,0.0588489343723594,0.2314537867877848
2012-01-09,0.78419,31.706,1.8605,8.091,2.3725117637307283,0.058679745158645,0.2299468545297244
2012-01-16,0.77997,31.501,1.8388,8.0113,2.3575265715348026,0.0583727500714263,0.229525794814824
2012-01-23,0.76628,30.632,1.8097,7.9056,2.361669363679073,0.0590787411856881,0.2289136814410038
2012-01-30,0.76086,30.26,1.7696,7.742,2.325789238493284,0.0584798413747521,0.2285714285714286
2012-02-06,0.75867,29.967,1.7589,7.6177,2.318399304045237,0.0586945640204224,0.2308964648122136
2012-02-13,0.76156,30.038,1.7647,7.7443,2.3172172908240976,0.0587489180371529,0.2278708211200495
2012-02-20,0.75267,29.63,1.7545,7.6777,2.3310348492699324,0.0592136348295646,0.228518957500293
2012-02-27,0.74833,29.159,1.7563,7.5149,2.3469592292170565,0.0602318323673651,0.2337090313909699
2012-03-05,0.75844,29.529,1.7794,7.5729,2.346131533146986,0.0602594060076535,0.2349694304691729
2012-03-12,0.76441,29.496,1.7983,7.6156,2.3525333263562747,0.0609675888256034,0.2361337255107936
2012-03-19,0.75781,29.319,1.8118,7.6552,2.390836753275887,0.0617961049149016,0.2366757236910858
2012-03-26,0.75103,29.193,1.7843,7.6487,2.3758038959828505,0.0611208166341246,0.233281472668558
2012-04-02,0.75694,29.433,1.7881,7.7548,2.362274420693846,0.0607515373900044,0.2305797699489348
2012-04-09,0.76127,29.588,1.7992,7.9432,2.363419023473932,0.0608084358523725,0.2265082082787793
2012-04-16,0.76307,29.563,1.7931,7.8582,2.349849948235417,0.0606535196022054,0.2281820264182637
2012-04-23,0.75827,29.392,1.7764,7.7912,2.342701148667361,0.0604382144801306,0.2280008214395728
2012-04-30,0.76046,29.506,1.7594,7.74,2.3135996633616496,0.0596285501253982,0.227312661498708
2012-05-07,0.77024,30.139,1.7792,7.9638,2.3099293726630656,0.05903314642158,0.2234109344785152
2012-05-14,0.78315,30.807,1.8186,8.268,2.3221605056502583,0.0590320381731424,0.2199564586357039
2012-05-21,0.79014,31.495,1.8391,8.336,2.3275622041663504,0.0583933957771074,0.2206214011516314
2012-05-28,0.80321,32.779,1.8477,8.4539,2.3003946664010657,0.0563684066017877,0.2185618471947858
2012-06-04,0.80109,32.872,1.8399,8.4223,2.2967456840055425,0.055971647602823,0.2184557662396257
2012-06-11,0.79726,32.664,1.8234,8.4033,2.2870832601660687,0.0558229243203526,0.2169861839991431
2012-06-18,0.79177,32.717,1.8025,8.2776,2.276544956237291,0.0550936821835742,0.2177563544988885
2012-06-25,0.80064,33.039,1.8175,8.3953,2.2700589528377297,0.0550107448772662,0.2164901790287422
2012-07-02,0.79962,32.48,1.8088,8.1527,2.262074485380556,0.0556896551724137,0.2218651489690532
2012-07-09,0.81699,32.838,1.8185,8.2764,2.2258534376185755,0.0553779158292222,0.2197211347929051
2012-07-16,0.81726,32.301,1.8095,8.21,2.214105670166165,0.0560199374632364,0.2204019488428745
2012-07-23,0.82095,32.549,1.8223,8.389,2.2197454168950608,0.0559863590279271,0.2172249374180474
2012-07-30,0.81407,32.276,1.7951,8.2382,2.205092928126574,0.0556171768496715,0.2178995411619042
2012-08-06,0.81018,31.738,1.7851,8.1523,2.20333752993162,0.0562448799546285,0.2189688799479901
2012-08-13,0.81189,31.862,1.7978,8.2022,2.214339380950621,0.0564245810055865,0.2191850966813782
2012-08-20,0.80341,31.882,1.7978,8.315,2.237711753650067,0.0563891851201304,0.2162116656644618
2012-08-27,0.79643,32.13,1.812,8.4188,2.2751528696809515,0.0563958916900093,0.2152325747137359
2012-09-03,0.79277,32.18,1.816,8.3535,2.290702221325227,0.0564325668116842,0.2173939067456754
2012-09-10,0.77561,31.379,1.8035,8.2719,2.325266564381584,0.0574747442557124,0.218027297235218
2012-09-17,0.76823,31.034,1.7976,8.2763,2.339924241438111,0.057923567699942,0.2171985065790268
2012-09-24,0.77525,31.131,1.7946,8.2405,2.3148661722025152,0.0576467187048279,0.2177780474485771
2012-10-01,0.77322,31.099,1.7966,8.4552,2.323530172525284,0.0577703463133862,0.2124846248462484
2012-10-08,0.77292,31.076,1.8118,8.7347,2.344097707395332,0.0583022267988158,0.2074255555428349
2012-10-15,0.76581,30.824,1.8026,8.6797,2.3538475600997635,0.0584804048793148,0.2076799889397098
2012-10-22,0.7703,31.253,1.8011,8.7181,2.3381799298974424,0.057629667551915,0.2065931797065874
2012-10-29,0.77304,31.374,1.7947,8.6654,2.321613370588844,0.057203416841971,0.2071110393057446
2012-11-05,0.78425,31.555,1.7839,8.7134,2.274657315906917,0.056533037553478,0.2047306447540569
2012-11-12,0.78542,31.694,1.8014,8.838,2.29354994779863,0.056837256263015,0.2038243946594252
2012-11-19,0.77906,31.291,1.7999,8.9014,2.3103483685467103,0.0575213320123997,0.2022041476621655
2012-11-26,0.77166,30.983,1.7913,8.8329,2.321359147811212,0.0578155762837685,0.2027986278572156
2012-12-03,0.76699,30.875,1.7879,8.7727,2.3310603788836883,0.0579076923076923,0.2038027061224024
2012-12-10,0.76781,30.699,1.7832,8.67,2.3224495643453458,0.0580865826248411,0.205674740484429
2012-12-17,0.75649,30.757,1.7855,8.53,2.360242699837407,0.0580518256006762,0.2093200468933177
2012-12-24,0.75632,30.531,1.7927,8.5314,2.3702929976729425,0.0587173692312731,0.2101296387462784
2012-12-31,0.76092,30.384,1.7841,8.5455,2.344661725279924,0.0587184044233807,0.2087765490609092
2013-01-07,0.76254,30.344,1.7767,8.6206,2.329976132399612,0.0585519377801212,0.2060993434331717
2013-01-14,0.75036,30.295,1.7664,8.7966,2.354070046377738,0.0583066512625845,0.2008048564217993
2013-01-21,0.74862,30.159,1.7687,8.9508,2.3626138761988726,0.0586458436950827,0.1976024489431112
2013-01-28,0.73954,30.071,1.7647,8.9992,2.3862130513562483,0.0586844468092181,0.1960952084629744
2013-02-04,0.74047,30.058,1.7642,8.916,2.382540818669224,0.0586931931598908,0.1978689995513683
2013-02-11,0.74671,30.116,1.7708,8.89,2.371469512930053,0.0587993093372293,0.1991901012373453
2013-02-18,0.7525,30.22,1.7818,8.878,2.367840531561462,0.0589609530112508,0.2006983554854697
2013-02-25,0.76214,30.536,1.8016,8.9118,2.363870155089616,0.0589992140424417,0.2021589353441504
2013-03-04,0.76717,30.712,1.7966,9.0944,2.341853826400928,0.0584983068507423,0.1975501407459535
2013-03-11,0.76864,30.726,1.8076,9.1855,2.3516860949208995,0.058829655666211,0.1967884165260465
2013-03-18,0.7731,30.885,1.8171,9.2609,2.350407450523865,0.0588343856240893,0.1962120312280663
2013-03-25,0.77869,30.934,1.8182,9.2682,2.33494715483697,0.0587767505010667,0.1961761722880386
2013-04-01,0.77773,31.485,1.8052,9.208,2.3211140112892648,0.0573352390026997,0.1960469157254561
2013-04-08,0.76546,31.027,1.787,8.9532,2.334543934366263,0.0575949979050504,0.1995934414511012
2013-04-15,0.76336,31.452,1.7935,9.1382,2.3494812408300145,0.0570234007376319,0.1962640344925696
2013-04-22,0.76793,31.468,1.8036,9.1838,2.34865156980454,0.0573153679928816,0.1963892941919467
2013-04-29,0.76208,31.113,1.795,8.9837,2.3553957589754355,0.0576929257866486,0.1998063158832106
2013-05-06,0.76359,31.149,1.7974,9.0349,2.35388100944224,0.0577032970560852,0.1989396672901747
2013-05-13,0.77429,31.381,1.822,9.2738,2.3531235066964573,0.0580606099232019,0.1964674674890552
2013-05-20,0.77555,31.308,1.8474,9.5348,2.382051447359938,0.0590072824837102,0.1937534085665142
2013-05-27,0.77184,31.582,1.8623,9.8541,2.412805762852405,0.0589671331771262,0.1889873250728123
2013-06-03,0.76283,32.084,1.8837,9.9029,2.4693575239568446,0.0587115072933549,0.1902170071393228
2013-06-10,0.7533,32.191,1.8787,10.0609,2.493959909730519,0.0583610325867478,0.1867327972646582
2013-06-17,0.75194,32.251,1.8971,10.0606,2.522940660159055,0.058822982233109,0.1885672822694471
2013-06-24,0.76505,32.83,1.9318,10.0361,2.525063721325404,0.0588425220834602,0.1924851286854455
2013-07-01,0.77065,33.15,1.9402,10.0067,2.5176150003244016,0.0585279034690799,0.193890093637263
2013-07-08,0.77399,32.902,1.9485,10.052,2.517474385973979,0.0592213239316758,0.193842021488261
2013-07-15,0.76359,32.478,1.927,9.8723,2.523605599863801,0.0593324712112814,0.1951926096249101
2013-07-22,0.75694,32.459,1.9171,9.7681,2.5326974396913893,0.0590622015465664,0.1962612995362455
2013-07-29,0.75449,32.968,1.9326,9.8888,2.5614653607072326,0.0586204804659063,0.1954332173772348
2013-08-05,0.75103,32.934,1.9276,9.8608,2.566608524293304,0.0585291795712637,0.1954810968684082
2013-08-12,0.75245,33.011,1.9323,9.9501,2.5680111635324607,0.0585350337766199,0.1941990532758464
2013-08-19,0.7485,33.031,1.9676,10.2244,2.6287241148964595,0.0595682843389543,0.192441610265639
2013-08-26,0.75137,33.175,2.0323,10.3451,2.7047925788892293,0.0612599849284099,0.1964504934703386
2013-09-02,0.75907,33.401,2.0513,10.2504,2.7023858142200323,0.061414328912308,0.2001190197455709
2013-09-09,0.75432,32.896,2.0252,9.9677,2.684802205960335,0.0615637159533073,0.2031762593175958
2013-09-16,0.74488,32.075,1.9877,9.7678,2.6684835141230803,0.0619703819173811,0.2034951575585085
2013-09-23,0.74052,32.082,2.0098,9.9448,2.7140387835575,0.0626457203416245,0.2020955675327809
2013-09-30,0.7379,32.251,2.0137,10.0669,2.728960563762028,0.0624383740039068,0.2000317873426775
2013-10-07,0.7379,32.276,1.9852,9.9564,2.6903374440981165,0.0615070021068286,0.1993893375115503
2013-10-14,0.73567,32.13,1.9787,9.8952,2.689657047317411,0.061584189231248,0.1999656399062171
2013-10-21,0.72807,31.821,1.98,9.8237,2.719518727594874,0.0622230602432355,0.2015533861986827
2013-10-28,0.73041,32.051,1.9946,9.9432,2.730795032926712,0.0622320676421952,0.2005994046182315
2013-11-04,0.74278,32.421,2.025,10.2189,2.726244648482727,0.0624595169797353,0.1981622288113202
2013-11-11,0.74477,32.763,2.0448,10.3227,2.7455456046833246,0.0624118670451423,0.1980877096108576
2013-11-18,0.74036,32.756,2.0152,10.116,2.7219190664001296,0.0615215533032116,0.1992091735863978
2013-11-25,0.73681,33.055,2.0146,10.1526,2.734219133833689,0.0609469066707003,0.1984319287670153
2013-12-02,0.73573,33.111,2.0405,10.376,2.7734359071942154,0.0616260457249856,0.1966557440246723
2013-12-09,0.72738,32.765,2.0342,10.3371,2.7966124996563004,0.0620845414314054,0.196786332723878
2013-12-16,0.72892,32.942,2.0568,10.3723,2.82170882950118,0.0624370105033088,0.1982973882359746
2013-12-23,0.72817,32.657,2.1116,10.3779,2.8998722825713776,0.0646599503934838,0.2034708370672294
2013-12-30,0.72908,32.96,2.1586,10.5664,2.960717616722445,0.0654915048543689,0.2042890672319806
2014-01-06,0.73492,33.195,2.18,10.7163,2.966309258150547,0.0656725410453381,0.2034284221233075
2014-01-13,0.73411,33.38,2.1979,10.8544,2.993965482012233,0.0658448172558418,0.2024893130896226
2014-01-20,0.73546,34.024,2.2713,10.922,3.088271285997879,0.0667558194215847,0.2079564182384178
2014-01-27,0.73524,34.971,2.2737,11.1848,3.0924596050269297,0.0650167281461782,0.2032848151062155
2014-02-03,0.73932,34.936,2.2397,11.1173,3.029405399556349,0.0641086558277994,0.2014607863420075
2014-02-10,0.73239,34.911,2.2005,11.0265,3.0045467578749028,0.0630317092034029,0.1995646850768603
2014-02-17,0.72897,35.553,2.191,10.9527,3.005610656131253,0.061626304390628,0.2000419987765573
2014-02-24,0.72796,35.91,2.2086,10.7812,3.0339579097752623,0.0615037593984962,0.2048566022335176
2014-03-03,0.72564,36.232,2.208,10.7299,3.0428311559450973,0.060940604990064,0.2057801097866708
2014-03-10,0.71999,36.488,2.2289,10.7844,3.0957374407977887,0.0610858364393773,0.2066781647565001
2014-03-17,0.72187,36.238,2.2288,10.8011,3.0875365370496075,0.0615044980407307,0.2063493533066076
2014-03-24,0.72601,35.731,2.2103,10.7243,3.044448423575433,0.0618594497775041,0.206102029969322
2014-03-31,0.72627,35.343,2.1413,10.613,2.948352541065995,0.0605862547039017,0.2017619900122491
2014-04-07,0.72432,35.637,2.111,10.4735,2.914457698254916,0.0592361871089036,0.2015563087793001
2014-04-14,0.72301,35.95,2.1314,10.5238,2.947953693586534,0.0592878998609179,0.2025314050057964
2014-04-21,0.72327,35.793,2.139,10.6018,2.957401800157617,0.0597602883245327,0.2017581920051311
2014-04-28,0.72202,35.781,2.1181,10.5674,2.933575247223069,0.0591962214583158,0.2004371936332494
2014-05-05,0.71963,35.377,2.0882,10.4501,2.901768964606812,0.0590270514741216,0.1998258389871867
2014-05-12,0.7295,34.87,2.0829,10.3455,2.855243317340644,0.0597332950960711,0.2013339132956358
2014-05-19,0.7311,34.382,2.1017,10.4052,2.8747093420872663,0.0611279157698795,0.2019855456886941
2014-05-26,0.73421,34.516,2.0957,10.4362,2.854360469075605,0.0607167690346506,0.2008106398880818
2014-06-02,0.73432,34.925,2.1049,10.6928,2.8664614881795405,0.0602691481746599,0.1968520873859045
2014-06-09,0.73784,34.367,2.1001,10.7034,2.8462810365390867,0.0611080396892367,0.1962086813535885
2014-06-16,0.7367,34.534,2.1392,10.717,2.903760010859237,0.0619447501013494,0.1996080992815153
2014-06-23,0.7347,33.843,2.1334,10.6036,2.903770246359058,0.0630381467364004,0.2011958202874495
2014-06-30,0.73276,34.217,2.1269,10.697,2.9025874774823954,0.0621591606511383,0.1988314480695522
2014-07-07,0.73546,34.221,2.1277,10.7335,2.8930193348380606,0.0621752724934981,0.1982298411515349
2014-07-14,0.73725,34.611,2.123,10.6905,2.87962021024076,0.0613388807026667,0.1985875309854544
2014-07-21,0.74212,34.996,2.1043,10.5599,2.8355252519808114,0.0601297291118985,0.1992727203856096
2014-07-28,0.74588,35.602,2.123,10.6347,2.8463023542661023,0.0596314813774507,0.1996295147018721
2014-08-04,0.74733,36.108,2.1504,10.7132,2.8774436995704704,0.0595546693253572,0.20072434006646
2014-08-11,0.74789,36.07,2.1578,10.6104,2.885183650002005,0.0598225672303853,0.2033665083314483
2014-08-18,0.75131,36.207,2.1741,10.669,2.893745591034327,0.0600463998674289,0.2037772987159059
2014-08-25,0.75832,36.414,2.1666,10.6609,2.857105179871294,0.0594990937551491,0.2032286204729431
2014-09-01,0.76499,37.119,2.1638,10.6966,2.828533706322959,0.0582935962714512,0.2022885776788886
2014-09-08,0.77357,37.398,2.1947,10.9217,2.837105885698773,0.0586849564147815,0.2009485702775209
2014-09-15,0.77471,38.427,2.2187,10.9996,2.863910366459708,0.0577380487677934,0.201707334812175
2014-09-22,0.78119,38.567,2.2444,11.1481,2.873052650443554,0.0581948297767521,0.201325786456885
2014-09-29,0.79195,39.613,2.2835,11.278,2.883389102847402,0.0576452174791103,0.2024738428799432
2014-10-06,0.79089,40.031,2.2763,11.1637,2.878149932354689,0.0568634308410981,0.2039019321551098
2014-10-13,0.7866,40.795,2.2691,11.0849,2.884693618103229,0.055622012501532,0.2047018917626681
2014-10-20,0.78672,41.339,2.2417,10.9923,2.849425462680496,0.0542272430392607,0.2039336626547674
2014-10-27,0.79008,42.556,2.2172,10.9236,2.806298096395302,0.0521007613497509,0.2029733787396096
2014-11-03,0.80135,44.695,2.2411,11.1294,2.7966556436014223,0.0501420740575008,0.2013675490143224
2014-11-10,0.80295,46.469,2.2542,11.2299,2.8073977209041656,0.0485097591943015,0.200731974461037
2014-11-17,0.79994,46.599,2.2274,11.0244,2.7844588344125807,0.0477993089980471,0.2020427415550959
2014-11-24,0.80295,46.714,2.2205,10.9909,2.7654274861448407,0.0475339298711307,0.2020307709104805
2014-12-01,0.80782,53.16,2.2314,11.1358,2.762249015869872,0.0419751693002257,0.2003807539646904
2014-12-08,0.80782,54.924,2.2709,11.527,2.8111460473867944,0.0413462238729881,0.1970070269801336
2014-12-15,0.80678,64.118,2.3434,11.6307,2.9046332333473805,0.0365482391840044,0.2014840035423491
2014-12-22,0.81766,54.777,2.3232,11.6192,2.841278771127364,0.0424119612246015,0.1999449187551638
2014-12-29,0.82406,57.684,2.3393,11.6158,2.838749605611242,0.0405537064003883,0.201389486733587
2015-01-05,0.84402,61.708,2.3208,11.6756,2.749697874457952,0.037609386141181,0.19877351056905
2015-01-12,0.85244,64.92,2.2936,11.5091,2.69062925249871,0.0353296364756623,0.1992857825546741
2015-01-19,0.86813,64.855,2.34,11.5544,2.6954488383076267,0.0360804872407678,0.2025202520252025
2015-01-26,0.88472,68.232,2.3905,11.5708,2.701984808753052,0.0350348809942548,0.2065976423410654
2015-02-02,0.87735,67.118,2.4269,11.4283,2.76617085541688,0.0361587055633362,0.2123587935213461
2015-02-09,0.88347,65.773,2.4879,11.7144,2.8160548745288465,0.0378255515181001,0.212379635320631
2015-02-16,0.87904,62.306,2.4529,11.643,2.790430469603204,0.0393686001348184,0.2106759426264708
2015-02-23,0.88449,62.328,2.4858,11.5711,2.8104331309568225,0.0398825567963034,0.2148283222856945
2015-03-02,0.90009,61.391,2.5519,11.7643,2.835160928351609,0.0415679822775325,0.2169189837049378
2015-03-09,0.93703,61.173,2.6206,12.2681,2.79670874998666,0.0428391610677913,0.2136109095948027
2015-03-16,0.93923,61.097,2.6093,12.308,2.778126763412583,0.0427074979131544,0.2120003249918752
2015-03-23,0.91449,57.684,2.5749,11.8979,2.81566774923728,0.0446380278760141,0.2164163423797477
2015-03-30,0.92618,57.716,2.6073,12.1036,2.8151115333952363,0.0451746482777739,0.215415248355861
2015-04-06,0.92911,53.183,2.6028,11.8646,2.801390578080098,0.0489404508959629,0.219375284459653
2015-04-13,0.9395,51.132,2.6854,12.0857,2.8583288983501864,0.0525189705077055,0.2221964801376834
2015-04-20,0.93006,52.486,2.7132,12.1567,2.917231146377653,0.0516937850093358,0.2231855684519647
2015-04-27,0.90975,51.699,2.6799,11.9234,2.945754328112119,0.0518365925839958,0.2247597161883355
2015-05-04,0.89246,50.866,2.7043,12.0367,3.0301638168657417,0.0531651790980222,0.2246712138709114
2015-05-11,0.88731,50.35,2.6477,11.9596,2.9839627638593047,0.0525858987090367,0.2213870029097963
2015-05-18,0.8931,49.62,2.5844,11.8341,2.893740902474527,0.0520838371624345,0.2183858510575371
2015-05-25,0.91516,51.429,2.6434,12.0675,2.8884566633157047,0.0513990161193101,0.2190511704992749
2015-06-01,0.89863,54.2,2.6771,12.3035,2.979090393154023,0.0493929889298892,0.217588491079774
2015-06-08,0.89063,55.178,2.7394,12.446,3.075800276208976,0.0496465982819239,0.2201028442873212
2015-06-15,0.88629,54.223,2.7282,12.349,3.078224960227465,0.0503144422108699,0.2209247712365374
2015-06-22,0.89015,54.488,2.6718,12.1492,3.001516598326125,0.0490346498311554,0.219915714614954
2015-06-29,0.89952,55.593,2.6879,12.2559,2.988149235147634,0.0483496123612685,0.2193147790043978
2015-07-06,0.9058,56.867,2.6787,12.4571,2.9572753367189226,0.0471046476867075,0.215033996676594
2015-07-13,0.91166,56.792,2.6491,12.3967,2.905798214246539,0.0466456543175095,0.2136939669428154
2015-07-20,0.91642,57.407,2.715,12.4486,2.962615394688025,0.0472938840211124,0.2180968140995774
2015-07-27,0.90851,59.986,2.7689,12.6331,3.0477375042652253,0.0461591037908845,0.219178190626212
2015-08-03,0.91516,63.351,2.7809,12.7206,3.0387036146684734,0.0438967024987766,0.2186139018599751
2015-08-10,0.90171,64.429,2.7916,12.7576,3.09589557618303,0.0433283148892579,0.2188185865680065
2015-08-17,0.89823,66.522,2.9114,12.9236,3.241263373523485,0.0437659721595862,0.2252777863753133
2015-08-24,0.87789,68.83,2.9291,13.149,3.3365227989839275,0.0425555716983873,0.2227621872385733
2015-08-31,0.89166,66.767,2.9464,13.4829,3.30439853755916,0.0441295849746132,0.218528654814617
2015-09-07,0.89445,68.143,3.0295,13.7649,3.386997596288222,0.0444579780755176,0.2200887765258011
2015-09-14,0.88363,66.355,3.0236,13.4045,3.421794189875853,0.0455670258458292,0.2255660412548024
2015-09-21,0.89373,66.081,3.0273,13.6819,3.3872646101171493,0.0458119580514822,0.2212631286590312
2015-09-28,0.89461,65.706,3.0352,13.9045,3.3927633270363624,0.0461936505037591,0.2182890431155381
2015-10-05,0.88747,63.098,2.95,13.4758,3.324056024428995,0.0467526704491426,0.2189109366419804
2015-10-12,0.87789,62.19,2.9185,13.2807,3.324448393306678,0.0469287666827464,0.2197549827945816
2015-10-19,0.88566,62.296,2.892,13.3573,3.265361425377684,0.0464235263901374,0.2165108217978184
2015-10-26,0.90736,63.939,2.9078,13.7091,3.2046817139834243,0.0454777209527831,0.2121072864010037
2015-11-02,0.91424,63.417,2.8476,13.8623,3.114718235911796,0.0449027863191257,0.2054204569227329
2015-11-09,0.93119,65.229,2.8959,14.2788,3.109891644025387,0.0443958975302396,0.2028111606017312
2015-11-16,0.93572,65.269,2.857,14.1933,3.0532637968623093,0.0437726945410531,0.2012921589764184
2015-11-23,0.94233,65.919,2.8864,14.1438,3.063045854424671,0.0437870720126215,0.2040752838699642
2015-11-30,0.93694,67.017,2.8958,14.399,3.090699511174675,0.0432099318083471,0.2011111882769637
2015-12-07,0.91709,69.371,2.9242,14.9797,3.1885638268872194,0.0421530610773954,0.1952108520197333
2015-12-14,0.916,70.695,2.951,15.0694,3.221615720524017,0.0417426975033595,0.1958273056657863
2015-12-21,0.91567,70.825,2.9286,15.1709,3.198313803007633,0.0413498058595128,0.1930406238258771
2015-12-28,0.91475,72.889,2.9136,15.3937,3.185132549877016,0.0399731097970887,0.1892722347453828
2016-01-04,0.92396,74.046,2.9899,15.8198,3.235962595783368,0.0403789536234232,0.1889973324567946
2016-01-11,0.92005,76.346,3.0283,16.5847,3.291451551546112,0.0396654703586304,0.1825960071632287
2016-01-18,0.91962,80.43,3.0368,16.6726,3.3022335312411646,0.0377570558249409,0.1821431570360951
2016-01-25,0.91971,78.056,2.994,16.3336,3.255373976579574,0.0383570769703802,0.1833031297448205
2016-02-01,0.9067,77.505,2.9312,16.0125,3.2328223227087243,0.0378194955164183,0.1830569867291178
2016-02-08,0.88944,78.849,2.9363,15.9974,3.3012906997661453,0.0372395337924387,0.1835485766437046
2016-02-15,0.89831,76.653,2.9587,15.5972,3.293629148066925,0.0385986197539561,0.1896943041058651
2016-02-22,0.90843,75.945,2.9386,15.4383,3.2348117081117977,0.0386937915596813,0.1903447918488434
2016-02-29,0.91768,74.002,2.9404,15.7696,3.2041670299014906,0.039734061241588,0.1864600243506493
2016-03-07,0.91075,71.126,2.9012,15.287,3.1855064507274222,0.0407895846807074,0.1897821678550402
2016-03-14,0.89477,69.673,2.8834,15.6209,3.222504107200733,0.0413847544960027,0.1845860353756825
2016-03-21,0.8927,68.413,2.8747,15.3706,3.220230760613868,0.0420197915600836,0.1870258805772058
2016-03-28,0.8823,67.798,2.8377,14.975,3.2162529751785107,0.0418552169680521,0.1894958263772954
2016-04-04,0.88013,68.179,2.8392,15.0358,3.2258870848624634,0.0416433212572786,0.1888293273387515
2016-04-11,0.88308,66.266,2.8469,14.6601,3.2238302305566884,0.0429616998158935,0.1941937640261662
2016-04-18,0.88269,66.014,2.8289,14.3272,3.2048624092263425,0.0428530311752052,0.1974496063431794
2016-04-25,0.88316,65.371,2.8231,14.3962,3.196589519452874,0.0431858163405791,0.196100359817174
2016-05-02,0.87055,65.863,2.8592,14.6622,3.284360461777037,0.0434113235048509,0.1950048423838168
2016-05-09,0.8785,65.654,2.9501,15.1269,3.3581104154809336,0.044934048192037,0.195023435072619
2016-05-16,0.88755,65.71,2.9821,15.73,3.359923384598051,0.0453827423527621,0.1895804195804195
2016-05-23,0.89501,66.121,2.9551,15.6286,3.30175081842661,0.0446923065289393,0.1890828353147434
2016-05-30,0.8959,66.593,2.9505,15.6809,3.2933363098560107,0.0443064586367936,0.1881588429235567
2016-06-06,0.88152,64.602,2.9012,14.8998,3.2911334966875394,0.0449088263521253,0.1947140230070202
2016-06-13,0.89047,65.715,2.93,15.2776,3.290397205969881,0.0445864718861751,0.1917840498507619
2016-06-20,0.88676,64.385,2.8999,14.7508,3.270219676124318,0.0450399937873728,0.1965927271741193
2016-06-27,0.90253,64.505,2.904,14.9846,3.217621574906097,0.0450197659096194,0.1937989669393911
2016-07-04,0.90082,64.16,2.9246,14.6972,3.246597544459493,0.0455829177057356,0.198990283863593
2016-07-11,0.9009,63.654,2.891,14.3271,3.209013209013209,0.045417412888428,0.2017854276161959
2016-07-18,0.90695,63.577,3.0187,14.2831,3.328408401786206,0.0474810072825078,0.2113476766248223
2016-07-25,0.90621,66.129,3.0307,14.2778,3.344368303152691,0.0458301199171316,0.2122665956940145
2016-08-01,0.89526,66.159,3.0047,13.8515,3.3562317092241365,0.0454163454707598,0.2169223549796051
2016-08-08,0.89831,64.725,2.9676,13.4678,3.3035366410259264,0.0458493626882966,0.2203477925125113
2016-08-15,0.88652,64.051,2.9363,13.3834,3.312164418174435,0.0458431562348753,0.2193986580390633
2016-08-22,0.88503,64.696,2.9415,13.8764,3.323616148605132,0.0454664894274762,0.2119786111671615
2016-08-29,0.8959,65.26,2.958,14.5251,3.301707779886148,0.0453263867606497,0.2036474791911932
2016-09-05,0.89103,64.496,2.9448,14.1623,3.304939227635433,0.0456586454973951,0.207932327376203
2016-09-12,0.89015,64.996,2.9787,14.2929,3.346289951131832,0.0458289740907132,0.2084041727011313
2016-09-19,0.89366,64.177,2.9651,13.7374,3.3179285186760064,0.0462019103417112,0.2158414255972746
2016-09-26,0.89142,63.604,2.9891,13.7009,3.3531892934867966,0.0469954719828941,0.2181681495376216
2016-10-03,0.89389,62.393,3.0411,13.726,3.402096454821064,0.0487410446684724,0.2215576278595366
2016-10-10,0.90416,62.727,3.0852,14.2007,3.4122279242611926,0.0491845616720072,0.2172568957868274
2016-10-17,0.91191,62.612,3.0813,14.0267,3.378951870250354,0.049212611001086,0.2196739076190408
2016-10-24,0.91684,62.486,3.09,13.841,3.37027180314995,0.0494510770412572,0.2232497651903764
2016-10-31,0.90539,63.492,3.1163,13.4859,3.441942146478313,0.049081774081774,0.23107838557308
2016-11-07,0.91042,64.051,3.2051,13.667,3.520463082972693,0.0500398120247927,0.2345137923465281
2016-11-14,0.93301,65.219,3.3184,14.3098,3.5566607003140374,0.0508808782716693,0.2318970216215461
2016-11-21,0.94357,64.307,3.3983,14.1561,3.601534597327172,0.0528449468953613,0.2400590558133949
2016-11-28,0.94215,64.5,3.4615,14.0059,3.674043411346388,0.0536666666666666,0.2471458456793208
2016-12-05,0.93484,63.537,3.46,13.6934,3.701168114329725,0.054456458441538,0.2526764718769626
2016-12-12,0.94859,61.333,3.5058,13.8177,3.6958011364235337,0.0571600932613764,0.2537180572743654
2016-12-19,0.95979,61.389,3.5121,14.0325,3.659237958303379,0.0572105751844793,0.2502832709780866
2016-12-26,0.95602,60.707,3.5291,13.8102,3.691449969665906,0.0581333289406493,0.2555430044459892
2017-01-02,0.95465,60.263,3.5905,13.6771,3.7610642643900905,0.0595805054511059,0.2625191012714684
2017-01-09,0.94473,59.765,3.7898,13.6268,4.011516517946927,0.0634116958085836,0.2781137170869169
2017-01-16,0.93914,59.514,3.8017,13.5748,4.048065251187256,0.0638790872735826,0.2800556914282346
2017-01-23,0.9331,59.711,3.8238,13.4191,4.097953059693494,0.0640384518765386,0.2849520459643344
2017-01-30,0.93067,59.756,3.7651,13.4526,4.045580065973976,0.0630078987884061,0.2798789825015239
2017-02-06,0.93677,58.982,3.7013,13.3822,3.951129946518356,0.0627530433013461,0.2765838202986056
2017-02-13,0.94144,57.703,3.6673,13.102,3.895415533650578,0.0635547545188291,0.2799038314761105
2017-02-20,0.94607,57.914,3.601,13.0333,3.806272263151776,0.0621784024588182,0.2762922667321399
2017-02-27,0.94706,58.343,3.6611,13.0481,3.8657529617975626,0.0627513154962891,0.280584912745917
2017-03-06,0.94554,58.62,3.7266,13.1099,3.941239926391268,0.0635721596724667,0.2842584611629379
2017-03-13,0.93668,58.628,3.6933,12.9623,3.9429687833625136,0.0629954970321348,0.2849262862300671
2017-03-20,0.92678,57.499,3.6221,12.5667,3.90826301819202,0.0629941390285048,0.2882300046949477
2017-03-27,0.92721,56.676,3.6312,12.9793,3.9162649238036695,0.0640694473851365,0.279768554544544
2017-04-03,0.93835,56.377,3.6864,13.7277,3.928598071082219,0.0653883675967149,0.2685373369173277
2017-04-10,0.94277,56.895,3.6966,13.7362,3.920998758976209,0.0649723174268389,0.2691137286877011
2017-04-17,0.93353,56.212,3.6591,13.244,3.919638361916596,0.0650946417135131,0.2762836001208094
2017-04-24,0.91836,56.505,3.575,13.172,3.89280892024914,0.0632687372798867,0.2714090494989371
2017-05-01,0.91491,57.704,3.5496,13.4379,3.879725874676197,0.0615139331762096,0.2641484160471502
2017-05-08,0.91836,57.763,3.5844,13.5103,3.903044557689795,0.0620535636999463,0.2653086904065787
2017-05-15,0.90163,56.866,3.5806,13.2445,3.971252065703226,0.0629655681778215,0.2703461814338027
2017-05-22,0.8919,56.579,3.5649,13.0212,3.996972754793138,0.0630074762721151,0.2737766104506497
2017-05-29,0.89254,56.641,3.548,13.0292,3.975171981087682,0.0626401370032308,0.2723114235716698
2017-06-05,0.89079,56.788,3.5338,12.8408,3.96704049214742,0.0622279354793266,0.2752009220609308
2017-06-12,0.89326,57.217,3.5164,12.8147,3.936591809775429,0.0614572592061799,0.2744036145988591
2017-06-19,0.89534,59.297,3.5199,13.0093,3.9313556861080703,0.059360507276928,0.2705679782924523
2017-06-26,0.88238,59.179,3.5141,12.9745,3.982524535914232,0.059380861454232,0.2708466607576399
2017-07-03,0.87951,59.813,3.5909,13.3244,4.082841582244659,0.0600354437998428,0.2694980637026807
2017-07-10,0.87604,60.267,3.5946,13.3396,4.10323729510068,0.0596445816118273,0.2694683498755584
2017-07-17,0.86693,59.065,3.5306,12.9401,4.072531807643062,0.0597748243460594,0.2728417863849584
2017-07-24,0.85602,59.759,3.5473,13.0027,4.143945234924417,0.059360096387155,0.2728125696970629
2017-07-31,0.8461,60.343,3.5298,13.2606,4.171847299373597,0.0584956001524617,0.2661870503597122
2017-08-07,0.84976,60.002,3.5366,13.3723,4.161881001694597,0.0589413686210459,0.2644720803451912
2017-08-14,0.85193,59.582,3.5256,13.2512,4.138368175789091,0.0591722332247994,0.2660589229654672
2017-08-21,0.84825,59.108,3.4933,13.2098,4.118243442381374,0.059100290992759,0.2644476070795924
2017-08-28,0.83843,58.393,3.4512,13.0158,4.116264923726489,0.0591029746716216,0.2651546581846679
2017-09-04,0.83675,57.489,3.4292,12.8934,4.098237227367792,0.0596496721111864,0.2659655327531915
2017-09-11,0.83675,57.493,3.4346,13.0743,4.104690767851808,0.059739446541318,0.262698576596835
2017-09-18,0.83619,57.833,3.484,13.2728,4.166517179110011,0.0602424221465253,0.2624917123741788
2017-09-25,0.84774,57.81,3.5512,13.4378,4.189020218463208,0.0614288185435045,0.2642694488681183
2017-10-02,0.85128,57.764,3.583,13.6527,4.208955925195,0.062028252891074,0.2624389314934042
2017-10-09,0.84688,57.892,3.6756,13.5863,4.34016625732099,0.0634906377392385,0.2705372323590676
2017-10-16,0.84796,57.398,3.6609,13.502,4.317302702957687,0.0637809679779783,0.271137609243075
2017-10-23,0.85259,57.721,3.7481,13.9367,4.396134132466954,0.0649347724398399,0.2689374098602969
2017-10-30,0.85962,58.253,3.8142,14.0836,4.437076847909541,0.0654764561481812,0.2708256411712914
2017-11-06,0.8617,59.148,3.8707,14.2312,4.491934547986538,0.0654409278420233,0.271986902018101
2017-11-13,0.85027,59.73,3.8787,14.3213,4.5617274512801815,0.0649372174786539,0.2708343516300894
2017-11-20,0.84782,58.897,3.9393,13.9766,4.646387204831214,0.0668845611830823,0.2818496630081707
2017-11-27,0.84175,58.363,3.9325,13.6928,4.671814671814672,0.0673800181621918,0.2871947300771208
2017-12-04,0.84667,59.02,3.8657,13.5963,4.565769426104621,0.0654981362250084,0.2843199988232092
2017-12-11,0.84818,58.921,3.8478,13.5367,4.536537055813624,0.0653043906247348,0.2842494847340932
2017-12-18,0.84495,58.54,3.8272,12.7381,4.529498786910468,0.0653775196446874,0.3004529717932815
2017-12-25,0.83745,57.725,3.8076,12.38,4.546659502059824,0.0659610220874837,0.3075605815831986
2018-01-01,0.82988,57.244,3.758,12.3487,4.528365546826048,0.0656488016211306,0.3043235320317118
2018-01-08,0.83264,56.953,3.7721,12.4181,4.530289200614911,0.0662318051726862,0.3037582238828806
2018-01-15,0.81699,56.575,3.7984,12.2731,4.649261312867966,0.0671391957578435,0.3094898599375871
2018-01-22,0.81057,56.231,3.7636,11.9955,4.643152349581158,0.0669310522665433,0.3137509899545663
2018-01-29,0.80373,56.251,3.7581,11.9254,4.675823970736441,0.0668094789425965,0.3151340835527529
2018-02-05,0.81129,57.459,3.7932,12.0519,4.675516769589173,0.066015767764841,0.3147387548851219
2018-02-12,0.80775,57.236,3.7847,11.8154,4.685484370164036,0.0661244671185967,0.3203192443759838
2018-02-19,0.81123,56.586,3.7806,11.665,4.660330609075109,0.0668115788357544,0.3240977282468925
2018-02-26,0.81539,56.434,3.8012,11.7767,4.661818271011418,0.067356558103271,0.3227729329948118
2018-03-05,0.80847,56.844,3.8058,11.8581,4.707410293517385,0.0669516571669833,0.3209451767146507
2018-03-12,0.8105,57.12,3.8775,11.8377,4.784083898827884,0.0678834033613445,0.3275551838617299
2018-03-19,0.81255,57.479,3.9396,11.9266,4.848440095994093,0.0685398145409627,0.3303204601479046
2018-03-26,0.80802,57.313,3.9882,11.7319,4.935768916610975,0.0695863067715876,0.3399449364553056
2018-04-02,0.815,57.723,4.0223,11.936,4.935337423312884,0.0696827954195035,0.3369889410187668
2018-04-09,0.8105,62.197,4.1069,12.063,5.067119062307218,0.0660305159412833,0.3404542816878057
2018-04-16,0.809,61.561,4.0757,12.0048,5.037948084054388,0.066205877097513,0.3395058643209383
2018-04-23,0.82136,62.182,4.0819,12.3704,4.96968442583033,0.0656443987005886,0.3299731617409299
2018-04-30,0.8325,63.255,4.1632,12.5706,5.000840840840841,0.0658161410165204,0.3311854644965236
2018-05-07,0.84083,62.582,4.2716,12.4741,5.080218355672372,0.0682560480649388,0.3424375305633272
2018-05-14,0.84402,62.052,4.4202,12.4973,5.237079690054738,0.071233803906401,0.3536923975578726
2018-05-21,0.8523,61.819,4.7176,12.6039,5.53514020884665,0.0763131076206344,0.3742968446274566
2018-05-28,0.85911,62.291,4.5577,12.5936,5.305141367228876,0.0731678733685444,0.3619060475161986
2018-06-04,0.85085,62.146,4.5577,12.7776,5.356643356643357,0.0733385897724712,0.3566945279238667
2018-06-11,0.85222,62.538,4.612,13.2174,5.411748140151604,0.0737471617256707,0.3489339809644862
2018-06-18,0.86341,63.543,4.7337,13.6296,5.48256332449242,0.0744960105755157,0.3473102658918823
2018-06-25,0.85866,62.936,4.6196,13.6796,5.3800107143689,0.0734015507817465,0.3376999327465715
2018-07-02,0.85646,63.14,4.6406,13.6718,5.418349952128529,0.0734969908140639,0.3394286048654896
2018-07-09,0.85412,62.317,4.7362,13.3948,5.545122465227369,0.0760017330744419,0.3535849732732105
2018-07-16,0.85771,62.959,4.8283,13.3459,5.629291951825208,0.0766895916390031,0.3617815209165361
2018-07-23,0.85536,62.963,4.8315,13.2957,5.648498877665545,0.0767355430967393,0.3633881630903224
2018-07-30,0.85734,62.84,4.9679,13.2701,5.794550586698393,0.0790563335455124,0.3743679399552377
2018-08-06,0.86528,64.971,5.4388,13.5064,6.285595414201183,0.0837111942251158,0.4026831724219629
2018-08-13,0.87889,67.217,6.3097,14.5399,7.179169179305716,0.0938705982117619,0.4339575925556572
2018-08-20,0.86648,67.615,6.0839,14.3548,7.021396916258886,0.0899785550543518,0.4238233900855463
2018-08-27,0.85697,67.714,6.4372,14.4376,7.511581502269624,0.0950645361372832,0.4458635784340887
2018-09-03,0.86207,68.55,6.5963,15.2176,7.651698817961419,0.0962261123267688,0.4334651981915677
2018-09-10,0.86147,69.142,6.3239,14.9804,7.340824404796453,0.0914624974689768,0.4221449360497717
2018-09-17,0.85375,67.143,6.3156,14.6763,7.397481698389458,0.0940619275278137,0.4303264446761105
2018-09-24,0.85368,65.799,6.1004,14.2447,7.146003186205603,0.0927126552075259,0.4282575273610535
2018-10-01,0.86648,65.97,6.0661,14.469,7.00085403009879,0.0919524026072457,0.4192480475499343
2018-10-08,0.86866,66.448,6.0446,14.7087,6.958533833720904,0.0909673729833855,0.4109540612018737
2018-10-15,0.86693,65.563,5.6954,14.3089,6.569619231079788,0.086869118252673,0.3980319940736185
2018-10-22,0.87535,65.477,5.6846,14.4393,6.494088079054093,0.0868182720649999,0.393689444779179
2018-10-29,0.87904,65.733,5.5161,14.5699,6.275141062977793,0.0839167541417552,0.3785955977734919
2018-11-05,0.87635,66.389,5.4084,14.149,6.171506818052149,0.0814653029869406,0.382246095130398
2018-11-12,0.88535,67.086,5.4301,14.3215,6.133280623482239,0.0809423724771189,0.3791572111859791
2018-11-19,0.87704,65.751,5.3176,13.933,6.06312140837362,0.0808748155921582,0.3816550635182659
2018-11-26,0.88152,66.902,5.2105,13.7936,5.910813140938379,0.0778825745119727,0.3777476510845609
2018-12-03,0.88005,66.69,5.3246,13.8557,6.05033804897449,0.0798410556305293,0.3842894981848625
2018-12-10,0.8802,66.43,5.3597,14.2814,6.089184276300841,0.0806819208189071,0.3752923382861624
2018-12-17,0.87735,67.457,5.3249,14.3161,6.069299595372429,0.0789376936418755,0.3719518583971892
2018-12-24,0.87619,69.078,5.2849,14.5036,6.031682625914471,0.0765062682764411,0.364385393971152
2018-12-31,0.87719,69.082,5.3875,14.3639,6.141770882020999,0.0779870299064879,0.3750722296869235
2019-01-07,0.87093,67.026,5.4574,13.9086,6.266175237964015,0.0814221346939993,0.3923759400658585
2019-01-14,0.87596,66.779,5.4135,13.7931,6.180076715831773,0.0810659039518411,0.392478848119712
2019-01-21,0.88075,66.215,5.3102,13.8137,6.029179676412149,0.0801963301366759,0.3844154715970377
2019-01-28,0.87367,65.815,5.2605,13.4927,6.021152151269932,0.0799285877079693,0.3898774893090338
2019-02-04,0.87789,65.769,5.2277,13.4958,5.95484627914659,0.0794857759734829,0.3873575482742779
2019-02-11,0.8859,66.102,5.2723,13.9336,5.95134891071227,0.0797600677740461,0.3783874949761727
2019-02-18,0.88269,65.808,5.3146,14.0744,6.020913344435759,0.0807591782154145,0.3776075711930882
2019-02-25,0.87873,65.695,5.3206,13.9516,6.054874648640651,0.0809894208082807,0.381361277559563
2019-03-04,0.8855,65.946,5.4149,14.2937,6.115076228119707,0.0821111212203924,0.3788312333405627
2019-03-11,0.88613,65.611,5.4619,14.396,6.163768295848239,0.0832467116794439,0.3794040011114198
2019-03-18,0.88106,64.197,5.4883,14.3575,6.229201189476313,0.0854915338722993,0.3822601427825178
2019-03-25,0.88763,64.675,5.5921,14.5047,6.3000349244617695,0.0864646308465404,0.3855371017670135
2019-04-01,0.89079,65.381,5.583,14.1348,6.267470447580238,0.0853917804866857,0.394982596145683
2019-04-08,0.88676,64.628,5.7117,14.0028,6.441088907934503,0.0883781023704895,0.4078969920301654
2019-04-15,0.88558,64.112,5.7963,14.022,6.545202014498972,0.0904089717993511,0.4133718442447582
2019-04-22,0.89461,64.409,5.8994,14.3748,6.594381909435397,0.0915927898275085,0.41039875337396
2019-04-29,0.89413,64.894,5.9602,14.405,6.665921062932684,0.0918451628810059,0.413759111419646
2019-05-06,0.8927,65.203,6.142,14.3663,6.880250924162652,0.0941981197184178,0.4275283127875653
2019-05-13,0.89238,64.921,6.0563,14.2683,6.786682803290079,0.0932872260131544,0.4244584148076505
2019-05-20,0.89566,64.481,6.0762,14.4074,6.784047518031396,0.0942324095469983,0.4217416050085372
2019-05-27,0.89558,64.932,5.9681,14.6429,6.663949619241161,0.0919130782972956,0.4075763680691666
2019-06-03,0.88928,65.195,5.804,14.7763,6.526628283555237,0.0890252319963187,0.3927911588151296
2019-06-10,0.88496,64.563,5.8334,14.8082,6.591710359790273,0.0903520592289701,0.3939303899190989
2019-06-17,0.88889,63.772,5.8308,14.5142,6.55964180044775,0.0914319764159819,0.4017307188821981
2019-06-24,0.87881,62.923,5.7735,14.2559,6.569679452896531,0.0917550021454794,0.4049902145778239
2019-07-01,0.88511,63.353,5.6331,14.0898,6.364293703607461,0.0889160734298296,0.3997998552144104
2019-07-08,0.89,63.396,5.7101,14.0614,6.4158426966292135,0.0900703514417313,0.4060833202952764
2019-07-15,0.89047,62.84,5.6859,13.924,6.385279683762508,0.090482176957352,0.408352484918127
2019-07-22,0.89638,63.101,5.6777,13.9501,6.3340324415984295,0.0899779718229505,0.4070006666618876
2019-07-29,0.89985,63.904,5.5774,14.3584,6.198144135133633,0.0872777916875312,0.3884416090929351
2019-08-05,0.8935,65.199,5.5098,15.0027,6.166536094012312,0.0845074310955689,0.3672538942990261
2019-08-12,0.89558,65.831,5.5844,15.3008,6.235512182049621,0.0848293357232914,0.3649743804245529
2019-08-19,0.90204,66.214,5.7128,15.2594,6.333200301538734,0.086277826441538,0.3743790712609932
2019-08-26,0.90236,66.46,5.8221,15.2871,6.4520812092734605,0.087603069515498,0.380850521027533
2019-09-02,0.90893,66.382,5.7242,14.9546,6.2977346990417296,0.0862312072549787,0.3827718561512845
2019-09-09,0.90686,65.066,5.7171,14.6227,6.304280704849702,0.0878661666615436,0.3909743070705136
2019-09-16,0.90572,64.014,5.7003,14.7123,6.293666916927969,0.0890477083138063,0.3874513162455904
2019-09-23,0.91166,64.102,5.6847,14.9641,6.235548340390058,0.0886821004024835,0.3798892014888967
2019-09-30,0.91508,65.057,5.6922,15.2164,6.220439742973292,0.0874955807983768,0.3740832259930075
2019-10-07,0.90851,64.727,5.8312,15.1029,6.418421371256232,0.0900891436340321,0.3860980341523813
2019-10-14,0.90383,64.184,5.8777,14.8564,6.503103459721408,0.0915757821263866,0.3956342047871624
2019-10-21,0.89831,63.817,5.7946,14.6699,6.4505571573287614,0.0908002569848159,0.3949992842486997
2019-10-28,0.8996,63.844,5.7245,14.8696,6.36338372610049,0.0896638681786855,0.3849800936138161
2019-11-04,0.90139,63.585,5.7368,14.777,6.364392771164535,0.0902225367618148,0.3882249441699939
2019-11-11,0.90752,64.019,5.7613,14.8403,6.348400035260931,0.089993595651291,0.3882199146917515
2019-11-18,0.90342,63.801,5.7068,14.7386,6.316884726926569,0.0894468738734502,0.387200955314616
2019-11-25,0.90868,64.065,5.7532,14.7392,6.331381784566624,0.0898025442909545,0.39033326096396
2019-12-02,0.9031,63.994,5.7489,14.6348,6.3657402281032,0.0898349845297996,0.3928239538633941
2019-12-09,0.90025,63.29,5.8,14.6571,6.442654818106082,0.0916416495496919,0.3957126580292145
2019-12-16,0.89871,62.489,5.9017,14.3623,6.566856939390904,0.0944438221126918,0.4109160789010116
2019-12-23,0.90066,62.153,5.9526,14.1559,6.609153287589102,0.0957733335478577,0.420503111776715
2019-12-30,0.89358,62.002,5.9578,14.116,6.667338123055574,0.0960904486952033,0.4220600736752621
2020-01-06,0.89799,61.677,5.9329,14.247,6.606866446174234,0.0961930703503737,0.4164315294447954
2020-01-13,0.89831,61.414,5.8738,14.4134,6.538722712649308,0.0956426873351353,0.4075235544701459
2020-01-20,0.90228,61.794,5.9284,14.4326,6.570465930753203,0.095938116969285,0.4107645192134473
2020-01-27,0.90728,62.952,5.9642,14.6973,6.573714839961203,0.094742025670352,0.4058024262959863
2020-02-03,0.90728,63.324,5.9852,14.8348,6.596860947006437,0.0945170867285705,0.4034567368619732
2020-02-10,0.91785,63.536,6.0427,14.8845,6.583537615078716,0.0951067111558801,0.4059726561187813
2020-02-17,0.92524,63.786,6.0831,15.0304,6.574618477368035,0.0953673219828802,0.404719767936981
2020-02-24,0.91785,65.794,6.1708,15.2763,6.72310290352454,0.0937897072681399,0.4039459816840465
2020-03-02,0.89469,66.851,6.1368,15.5407,6.85913556650907,0.0917981780377256,0.3948856872599046
2020-03-09,0.88456,73.047,6.1979,16.1039,7.006760423261282,0.0848481114898627,0.3848695036606039
2020-03-16,0.91609,77.877,6.4818,16.9557,7.07550568175616,0.0832312492777071,0.3822785258054813
2020-03-23,0.91895,78.616,6.472,17.5385,7.042820610479351,0.0823242088124554,0.3690167346124241
2020-03-30,0.9155,78.586,6.636,18.2076,7.248498088476243,0.0844425215687272,0.3644631911948857
2020-04-06,0.92132,75.511,6.7654,18.366,7.343159814179654,0.0895948934592311,0.3683654579113579
2020-04-13,0.91709,73.964,6.8794,18.5803,7.501335746764222,0.0930101130279595,0.370252364063013
2020-04-20,0.92362,75.45,6.9648,18.9194,7.540763517463892,0.0923101391650099,0.3681300675497109
2020-04-27,0.92064,73.854,6.9885,18.492,7.590915015641293,0.0946258834998781,0.3779201817001946
2020-05-04,0.92217,74.327,7.1195,18.5208,7.720376937007276,0.0957861880608661,0.3844056412250011
2020-05-11,0.92345,73.569,6.9865,18.4425,7.56565054956955,0.094965270698256,0.3788260810627626
2020-05-18,0.915,71.881,6.8103,18.0276,7.442950819672131,0.0947440909280616,0.3777707515143447
2020-05-25,0.9086,70.965,6.7977,17.466,7.481510015408321,0.0957894736842105,0.3891961525249055
2020-06-01,0.89182,69.004,6.7736,17.0958,7.595254647798884,0.0981624253666454,0.396214274851133
2020-06-08,0.88331,68.935,6.805,16.8055,7.703977086187182,0.0987161819104953,0.4049269584362263
2020-06-15,0.88928,69.602,6.8524,17.213,7.705559553796331,0.0984511939312088,0.3980944634868994
2020-06-22,0.88928,69.233,6.8549,17.3186,7.70837081684059,0.0990120318345297,0.3958114397237652
2020-06-29,0.88984,70.811,6.8556,17.162,7.704306392160388,0.0968154665235627,0.399463931942664
2020-07-06,0.88464,71.302,6.8646,16.9652,7.75976668475312,0.0962749992987574,0.4046282979275222
2020-07-13,0.87735,71.074,6.865,16.673,7.824699378811193,0.0965894701297239,0.4117435374557668
2020-07-20,0.86738,71.281,6.8506,16.5893,7.898037768913278,0.0961069569731064,0.4129529274894057
2020-07-27,0.85041,72.821,6.942,16.651,8.163121317952518,0.0953296439213963,0.4169118971833523
2020-08-03,0.84739,73.485,7.0847,17.3985,8.360613176931519,0.0964101517316459,0.4072017702675518
2020-08-10,0.84796,73.323,7.3176,17.5078,8.629652342091607,0.099799517204697,0.4179622796696329
2020-08-17,0.84303,73.706,7.36,17.3023,8.730412915317368,0.0998561853851789,0.4253769730035892
2020-08-24,0.84502,74.869,7.3553,16.8294,8.704291022697687,0.0982422631529738,0.4370506375747204
2020-08-31,0.84111,74.43,7.3963,16.6968,8.793499066709467,0.099372564826011,0.4429770974078865
2020-09-07,0.84624,75.62,7.473,16.7869,8.830828133862735,0.0988230626818301,0.4451685540510755
2020-09-14,0.84367,75.129,7.5194,16.3919,8.912726539997866,0.1000865178559544,0.4587265661698766
2020-09-21,0.8547,76.786,7.6417,16.9312,8.94079794079794,0.0995194436485817,0.4513383575883576
2020-09-28,0.85383,78.287,7.7716,16.8042,9.10204607474556,0.0992706324166208,0.4624796181906904
2020-10-05,0.84897,77.816,7.8537,16.5223,9.250856920739247,0.1009265446694767,0.475339389794399
2020-10-12,0.8507,77.499,7.9196,16.5436,9.309509815446104,0.1021897056736216,0.4787108005512705
2020-10-19,0.84567,77.184,7.9099,16.3736,9.353412087457285,0.1024810841625207,0.483088630478331
2020-10-26,0.85063,78.037,8.2396,16.2907,9.686467676898298,0.1055858118584773,0.5057855095238387
2020-11-02,0.85034,78.784,8.481,15.9621,9.973657595785216,0.1076487611697806,0.5313210667769278
2020-11-09,0.84653,76.754,7.9369,15.5441,9.375804755885792,0.1034069885608567,0.5106053100533321
2020-11-16,0.84353,76.229,7.6799,15.4123,9.1044776119403,0.1007477469204633,0.4982968148816205
2020-11-23,0.84062,75.925,7.8867,15.2977,9.382003759130166,0.1038748765228844,0.515548088928401
2020-11-30,0.82884,75.284,7.8161,15.3053,9.43016746296028,0.1038215291429785,0.5106793071681052
2020-12-07,0.82515,73.488,7.8492,15.0565,9.51245228140338,0.1068092749836708,0.5213163749875469
2020-12-14,0.81974,73.309,7.7885,14.8117,9.501183302022593,0.1062420712327272,0.5258343066629759
2020-12-21,0.82014,75.076,7.6286,14.6711,9.3015826566196,0.1016117001438542,0.5199746440280552
2020-12-28,0.81579,74.156,7.401,14.6421,9.072187695362777,0.0998031177517665,0.50546028233655
2021-01-04,0.81393,74.044,7.3573,15.036,9.0392294177632,0.0993638917400464,0.4893123171056132
2021-01-11,0.82325,73.887,7.4389,15.3198,9.036015791071971,0.1006794158647664,0.4855742242065823
2021-01-18,0.82488,74.049,7.4349,15.0293,9.013311027058482,0.1004051371389215,0.4946936983093025
2021-01-25,0.82461,75.691,7.368,15.1857,8.935132971950377,0.097343145155963,0.4851933068610601
2021-02-01,0.8316,75.518,7.1503,14.9814,8.598244348244348,0.0946833867422336,0.4772784919967426
2021-02-08,0.82631,73.988,7.056,14.7389,8.539168108821144,0.0953668162404714,0.4787331483353574
2021-02-15,0.8257,73.644,6.967,14.5783,8.43768923337774,0.0946037694856335,0.4779020873490049
2021-02-22,0.82277,74.28,7.1902,14.7635,8.739015763822211,0.0967985998922994,0.4870254343482236
2021-03-01,0.83195,73.952,7.3795,15.0827,8.870124406514815,0.0997877001298139,0.4892691626830739
2021-03-08,0.83956,73.957,7.5869,15.1965,9.036757349087615,0.1025852860445935,0.4992531174941598
2021-03-15,0.83956,73.52,7.4344,14.8235,8.855114583829625,0.1011207834602829,0.5015279792221811
2021-03-22,0.84431,75.802,7.9463,14.8669,9.411590529544837,0.1048296878710324,0.5344960953527635
2021-03-29,0.85114,75.862,8.2381,14.8498,9.678901238339169,0.1085932350847591,0.5547616802919905
2021-04-05,0.84289,77.149,8.1593,14.5394,9.6801480620247,0.1057602820516144,0.5611854684512428
2021-04-12,0.83724,76.608,8.1133,14.4426,9.69053079164875,0.105906693817878,0.5617617326520156
2021-04-19,0.8305,76.032,8.1938,14.2771,9.86610475617098,0.1077677819865319,0.5739120689775934
2021-04-26,0.82706,74.758,8.2336,14.3182,9.95526322153169,0.110136707777094,0.5750443491500328
2021-05-03,0.8307,74.788,8.3216,14.3769,10.0175755387023,0.1112691875701984,0.5788174084816616
2021-05-10,0.82427,74.06,8.3623,14.0425,10.145098086791949,0.1129125033756413,0.5954993768915791
2021-05-17,0.82008,73.692,8.3766,14.0375,10.21436932982148,0.1136704119850187,0.5967301869991095
2021-05-24,0.81907,73.569,8.4579,13.8436,10.326223643888802,0.11496554255189,0.6109610216995579
2021-05-31,0.82082,73.356,8.5917,13.694,10.467215711118149,0.1171233436937673,0.6274061632831897
2021-06-07,0.82183,72.263,8.5383,13.5551,10.389374931555189,0.1181559027441429,0.6298957587918939
2021-06-14,0.83084,72.183,8.56,13.9057,10.302826055558231,0.1185874790463128,0.6155749081311981
2021-06-21,0.83864,72.685,8.7035,14.2177,10.378112181627396,0.1197427254591731,0.6121594913382614
2021-06-28,0.84189,72.916,8.7058,14.3292,10.340780862107875,0.1193949201821273,0.6075565977165508
2021-07-05,0.84417,74.101,8.672,14.2676,10.2728123482237,0.1170294597913658,0.6078107039726374
2021-07-12,0.84574,74.213,8.5786,14.5306,10.143306453519994,0.1155943028849393,0.5903816772879303
2021-07-19,0.84955,74.199,8.5661,14.6161,10.083102819139544,0.1154476475424197,0.5860728922215913
2021-07-26,0.84502,73.458,8.5153,14.7266,10.077039596695936,0.1159206621470772,0.5782257954993006
2021-08-02,0.84331,72.972,8.4569,14.3771,10.028222124722818,0.1158923970838129,0.5882201556642159
2021-08-09,0.85172,73.597,8.6051,14.7576,10.103202930540553,0.1169218854029376,0.583096167398493
2021-08-16,0.85281,73.819,8.4856,14.9903,9.950164749475263,0.114951435267343,0.5660727270301462
2021-08-23,0.8515,73.97,8.4133,15.0152,9.88056371109806,0.1137393537920778,0.5603188768714369
2021-08-30,0.84502,73.078,8.3103,14.4594,9.83444178836004,0.1137182188894058,0.5747333914270302
2021-09-06,0.84417,73.02,8.3852,14.212,9.933070353127924,0.1148342919748014,0.5900084435688151
2021-09-13,0.84803,72.702,8.4815,14.3591,10.001415044279096,0.1166611647547522,0.5906707244883036
2021-09-20,0.8531,73.059,8.713,14.8065,10.213339585042783,0.1192597763451457,0.5884577719244926
2021-09-27,0.85896,72.754,8.8626,15.0621,10.317826208438111,0.1218159826263848,0.5884040074093254
2021-10-04,0.86341,72.336,8.8764,14.9516,10.28063144971682,0.1227106834771068,0.5936755932475455
2021-10-11,0.86363,71.638,9.0826,14.8514,10.516772228848,0.1267846673553142,0.6115652396407072
2021-10-18,0.85985,70.963,9.3819,14.6065,10.911089143455252,0.1322083339204937,0.6423099305103892
2021-10-25,0.86096,70.116,9.5562,14.9773,11.099470358669391,0.1362912887215471,0.6380455756377986
2021-11-01,0.86438,71.501,9.6368,15.3195,11.148800296166035,0.1347785345659501,0.6290544730572146
2021-11-08,0.86775,71.303,9.8323,15.1453,11.3307980409104,0.1378946187397444,0.6491981010610552
2021-11-15,0.88113,72.905,10.5742,15.4484,12.000726340040629,0.1450408065290446,0.6844851246731053
2021-11-22,0.88881,74.953,12.0065,15.9095,13.508511380385013,0.160187050551679,0.7546748797888055
2021-11-29,0.88363,74.013,13.3117,15.9574,15.064789561241696,0.1798562414710929,0.8342023136601201
2021-12-06,0.88613,73.824,13.7742,15.9258,15.54422037398576,0.1865815994798439,0.8648984666390386
2021-12-13,0.88472,73.626,15.1324,15.9832,17.104168550501853,0.2055306549316817,0.9467691075629412
2021-12-20,0.88503,73.821,13.2261,15.7634,14.94423917833294,0.1791644653960255,0.839038532296332
2021-12-27,0.88331,74.278,12.4135,15.7935,14.053390089549536,0.1671221626861251,0.785987906417197
2022-01-03,0.88394,75.488,13.5652,15.818,15.346290472203998,0.1797000847816871,0.8575799721835884
2022-01-10,0.87819,75.384,13.7185,15.4942,15.62133479087669,0.1819815876047967,0.8853958255347163
2022-01-17,0.88028,76.47,13.4812,15.3059,15.3146726041714,0.1762939714920884,0.8807845340685618
2022-01-24,0.89055,78.44,13.5469,15.3351,15.211835382628715,0.1727039775624681,0.8833916961741365
2022-01-31,0.88511,76.536,13.4729,15.3579,15.22172385353233,0.1760335005748928,0.87726186522897
2022-02-07,0.87497,75.028,13.5656,15.3027,15.50407442540887,0.1808071653249453,0.8864840845079627
2022-02-14,0.88098,75.747,13.614,15.0818,15.453245249608392,0.1797298902926848,0.9026773992494266
2022-02-21,0.88645,81.21,13.8967,15.1781,15.676800721980936,0.1711205516561999,0.9155757308226984
2022-02-28,0.90139,104.87,14.0418,15.3913,15.57794073597444,0.1338972060646514,0.9123205967007336
2022-03-07,0.91149,,14.6637,15.1804,16.087614784583483,,0.9659626887302049
2022-03-14,0.90901,,14.7428,15.0438,16.218523448586925,,0.9799917574017204
2022-03-21,0.90868,,14.8393,14.7631,16.33061143636924,,1.0051615175674486
2022-03-28,0.90367,,14.7218,14.5749,16.291123972246506,,1.010078971382308
2022-04-04,0.91449,,14.7324,14.6486,16.109962930157792,,1.005720683205221
2022-04-11,0.9203,,14.6575,14.5814,15.92687167228078,,1.005218977601602
2022-04-18,0.92302,,14.693,15.1853,15.918398301228576,,0.9675804890255708
2022-04-25,0.94286,,14.8065,15.8153,15.703816049042274,,0.9362136665128072
2022-05-02,0.94787,,14.8727,15.8796,15.690653781636724,,0.936591601803572
2022-05-09,0.95311,,15.2973,16.1504,16.049878817765002,,0.9471777788785416
2022-05-16,0.95075,,15.8432,15.9801,16.663896923481463,,0.9914330949117964
2022-05-23,0.93537,,16.2119,15.7076,17.332071800463986,,1.0321054776031986
2022-05-30,0.93266,,16.4523,15.5254,17.640190423090946,,1.0597021654836591
2022-06-06,0.93545,,16.9581,15.382,18.128280506708,,1.102463918866207
2022-06-13,0.9574,,17.294,16.0139,18.063505326927093,,1.0799368049007425
2022-06-20,0.95048,,17.3538,15.9638,18.257932833936536,,1.087072000400907
2022-06-27,0.95311,,16.651,16.1609,17.47017657982814,,1.0303262813333414
2022-07-04,0.97532,,17.1291,16.6187,17.562543575441907,,1.030712390259166
2022-07-11,0.99463,,17.4231,17.0791,17.517167187798478,,1.0201415765467736
2022-07-18,0.98107,,17.6222,17.0613,17.962224917691906,,1.032875572201415
2022-07-25,0.98367,,17.8852,16.7687,18.182113920318805,,1.066582382653396
2022-08-01,0.97914,,17.956,16.6535,18.338541985824293,,1.0782117873119763
2022-08-08,0.97447,,17.9502,16.437,18.42047471959116,,1.0920605949990874
2022-08-15,0.9858,,18.0172,16.6417,18.276729559748425,,1.0826538154154923
2022-08-22,1.0032,,18.1485,16.9588,18.090610047846887,,1.0701523692714106
2022-08-29,0.9997,,18.1958,17.0437,18.20126037811343,,1.0675968246331486
2022-09-05,1.0042,,18.2326,17.3087,18.15634335789684,,1.0533777811158551
2022-09-12,0.99473,,18.2566,17.3473,18.353322006976768,,1.0524173790734004
2022-09-19,1.0097,,18.3388,17.7055,18.162622561156777,,1.0357685464968511
2022-09-26,1.035,,18.514,17.9955,17.88792270531401,,1.0288127587452418
2022-10-03,1.0157,,18.569,17.8667,18.28197302353057,,1.0393077624855176
2022-10-10,1.0292,,18.5851,18.196,18.05781189273222,,1.0213838206199164
2022-10-17,1.0226,,18.5895,18.2468,18.178662233522395,,1.0187813753644477
2022-10-24,1.0056,,18.609,18.2028,18.50536992840096,,1.0223152482035731
2022-10-31,1.0123,,18.62,18.2067,18.39375679146498,,1.0227004344554478
2022-11-07,0.99423,,18.5858,17.6889,18.69366243223399,,1.0507041138793254
2022-11-14,0.96488,,18.6114,17.3186,19.28882348064008,,1.07464806624092
2022-11-21,0.96834,,18.6242,17.187,19.233120598137017,,1.0836213417117586
2022-11-28,0.95795,,18.6326,17.2299,19.45049324077457,,1.0814108033128456
2022-12-05,0.94859,,18.6412,17.2271,19.651482726994804,,1.08208578344585
2022-12-12,0.94349,,18.6478,17.4435,19.764703388483184,,1.0690400435692378
2022-12-19,0.9418,,18.6654,17.2185,19.81885750690168,,1.0840317100792751
2022-12-26,0.93941,,18.7161,17.1213,19.92324969927933,,1.0931471325191429
2023-01-02,0.94464,,18.7478,17.0716,19.846502371273715,,1.0981864617259074
2023-01-09,0.93023,,18.7814,16.9645,20.19006052266644,,1.1071001208405788
2023-01-16,0.92362,,18.7956,17.1264,20.34992745934475,,1.0974635650224216
2023-01-23,0.91971,,18.8117,17.1864,20.453947439953897,,1.0945689615044454
2023-01-30,0.91651,,18.814,17.2507,20.52787203631166,,1.090622409525411
2023-02-06,0.93162,,18.8327,17.6608,20.21500182477834,,1.0663559974633086
2023-02-13,0.9351,,18.8517,18.0087,20.16008982996471,,1.0468107081577238
2023-02-20,0.94038,,18.8725,18.27,20.06901465365065,,1.0329775588396275
2023-02-27,0.94206,,18.8902,18.2743,20.052013672165256,,1.0337030693378133
2023-03-06,0.94349,,18.9348,18.4241,20.06889315202069,,1.027719128749844
2023-03-13,0.93967,,18.9852,18.275,20.20411421030787,,1.0388618331053352
2023-03-20,0.92764,,19.0408,18.3597,20.52606614634988,,1.0370975560602842
2023-03-27,0.92217,,19.1378,18.0861,20.75300649554854,,1.0581496287203986
2023-04-03,0.91693,,19.2362,17.9639,20.97891878333133,,1.0708253775627787
2023-04-10,0.91116,,19.3267,18.2097,21.211093551077745,,1.0613409336782045
2023-04-17,0.91224,,19.3961,18.1639,21.262058230290275,,1.0678378542053193
2023-04-24,0.90769,,19.4272,18.2817,21.40290187178442,,1.0626582867020025
2023-05-01,0.90711,,19.4829,18.2964,21.47799054138969,,1.0648488227192237
2023-05-08,0.91291,,19.5454,18.742,21.40999660426548,,1.0428662896169032
2023-05-15,0.92242,,19.7463,19.2298,21.4070596908133,,1.026859353711427
2023-05-22,0.92816,,19.9072,19.3456,21.4480262023789,,1.029029856918369
2023-05-29,0.93284,,20.58,19.6688,22.061661163757982,,1.0463271780688197
2023-06-05,0.93275,,22.512,19.0561,24.13508442776736,,1.1813540021305513
2023-06-12,0.92336,,23.635,18.436,25.59673366834172,,1.282002603601649
2023-06-19,0.915,,24.052,18.396,26.286338797814206,,1.3074581430745813
2023-06-26,0.91558,,26.024,18.6898,28.42351296445969,,1.3924172543312394
2023-07-03,0.91811,,26.061,18.8331,28.38548757774123,,1.3837870557688323
2023-07-10,0.90302,,26.139,18.4035,28.94620274191048,,1.4203276550656123
2023-07-17,0.89246,,26.814,17.942,30.04504403558703,,1.49448222048824
2023-07-24,0.90351,,26.952,17.6568,29.83032838596142,,1.5264374065515836
2023-07-31,0.91149,,26.968,18.2982,29.586720644219906,,1.4738061667267817
2023-08-07,0.91042,,27.027,18.8301,29.68629863140089,,1.435308362674654
2023-08-14,0.91676,,27.075,19.0851,29.53335660369126,,1.4186459594133642
2023-08-21,0.92166,,26.879,18.7438,29.163682919948787,,1.4340208495609217
2023-08-28,0.92234,,26.665,18.6525,28.910163280352144,,1.4295670821605682
2023-09-04,0.93127,,26.806,19.1274,28.78434825560793,,1.401445047418886
2023-09-11,0.93353,,26.927,18.9572,28.8442792411599,,1.4204101871584411
2023-09-18,0.93703,,27.076,18.9065,28.895552970555904,,1.4321000714040144
2023-09-25,0.94509,,27.325,18.9878,28.91259033531198,,1.4390819368225911
2023-10-02,0.95084,,27.541,19.343,28.964915232846742,,1.4238225714728845
2023-10-09,0.94589,,27.742,19.0494,29.32899174322596,,1.4563188341890034
2023-10-16,0.94661,,27.967,18.9317,29.544374135071465,,1.4772577211766509
2023-10-23,0.94545,,28.124,19.0612,29.746681474430165,,1.4754579984471072
2023-10-30,0.94118,,28.324,18.5743,30.0941371469857,,1.5249026881228365
2023-11-06,0.9351,,28.504,18.4996,30.48230135814352,,1.540790071136673
2023-11-13,0.92618,,28.651,18.4462,30.934591548079208,,1.55321963331201
2023-11-20,0.91558,,28.809,18.6303,31.46530068371961,,1.546351910597253
2023-11-27,0.91424,,28.907,18.6753,31.618612180609027,,1.547873394269436
2023-12-04,0.92575,,28.935,18.8567,31.255738590332165,,1.534467854926896
2023-12-11,0.92225,,29.026,18.7789,31.473027920845755,,1.5456709391923915
2023-12-18,0.91191,,29.132,18.4288,31.946135035255672,,1.580786594894947
2023-12-25,0.90285,,29.475,18.4715,32.646619039707595,,1.5957014860731398
2024-01-01,0.91433,,29.781,18.7154,32.57139107324489,,1.591256398473984
2024-01-08,0.91308,,29.98,18.6678,32.83392473824856,,1.6059739230118173
2024-01-15,0.91802,,30.138,18.9121,32.829350123091004,,1.5935829442526217
2024-01-22,0.91861,,30.256,18.9473,32.93671960897443,,1.5968502108479838
2024-01-29,0.92242,,30.377,18.7529,32.93185316883849,,1.6198561289187272
2024-02-05,0.92945,,30.6,18.9599,32.92269621819356,,1.6139325629354584
2024-02-12,0.92954,,30.749,18.9543,33.07980291326893,,1.6222704082978532
2024-02-19,0.92481,,30.973,19.0105,33.491203598577,,1.6292575155834932
2024-02-26,0.92328,,31.206,19.2309,33.79906420587471,,1.622700965633434
2024-03-04,0.9192,,31.748,18.8629,34.538729329852046,,1.6830922074548451
2024-03-11,0.91575,,32.098,18.6795,35.051051051051054,,1.718354345673064
2024-03-18,0.92047,,32.213,18.8816,34.99625191478267,,1.706052453181934
2024-03-25,0.92345,,32.237,18.9334,34.90930748822351,,1.7026524554491007
2024-04-01,0.92541,,31.992,18.7276,34.57062275099686,,1.7082808261603195
2024-04-08,0.92713,,32.251,18.6316,34.78584448782802,,1.730983919792181
2024-04-15,0.9387,,32.505,19.0594,34.627676573985305,,1.7054576744283665
2024-04-22,0.93589,,32.527,19.0791,34.75515284915962,,1.7048498094773863
2024-04-29,0.93284,,32.368,18.6527,34.698340551434335,,1.7352983750341775
2024-05-06,0.92945,,32.251,18.5042,34.69901554682877,,1.7429016115260316
2024-05-13,0.92362,,32.242,18.3259,34.90829561941058,,1.7593678891623328
2024-05-20,0.92166,,32.208,18.269,34.94564155979428,,1.762986479829219
2024-05-27,0.92166,,32.218,18.4793,34.9564915478593,,1.7434643087129926
2024-06-03,0.92013,,32.307,18.8167,35.11134296240749,,1.7169322994999123
2024-06-10,0.93075,,32.424,18.5348,34.83642224012893,,1.7493579644776311
2024-06-17,0.9331,,32.74,18.0875,35.08734326438753,,1.8100898410504496
2024-06-24,0.93397,,32.907,18.2214,35.23346574301102,,1.805953439362508
2024-07-01,0.92842,,32.646,18.3356,35.16296503737533,,1.7804707781583369
2024-07-08,0.92217,,32.88,18.092,35.655031068024336,,1.8173778465620167
2024-07-15,0.91634,,33.075,18.1936,36.09468101359757,,1.8179469703632047
2024-07-22,0.92073,,32.967,18.3491,35.8052849369522,,1.7966548768059467
2024-07-29,0.9243,,33.106,18.2723,35.8173753110462,,1.8118135100671509
2024-08-05,0.91491,,33.495,18.4236,36.61015837623373,,1.818048589852146
2024-08-12,0.91108,,33.589,18.0796,36.86723449093383,,1.8578397752162656
2024-08-19,0.90098,,33.881,17.8814,37.60460831538991,,1.894762155088528
2024-08-26,0.89904,,34.048,17.7247,37.87150738565582,,1.9209351921330124
2024-09-02,0.90342,,33.997,17.8651,37.63144495362069,,1.902984030316091
2024-09-09,0.90555,,34.003,17.8831,37.54955551874552,,1.9014041189726607
2024-09-16,0.8975,,34.052,17.5617,37.94094707520892,,1.938992238792372
2024-09-23,0.8967,,34.151,17.244,38.08520129363221,,1.980456970540478
2024-09-30,0.9022,,34.204,17.3633,37.91177122589227,,1.9699020347514584
2024-10-07,0.91258,,34.254,17.5119,37.535339367507504,,1.9560413204735063
2024-10-14,0.91861,,34.238,17.5992,37.2715298113454,,1.945429337697168
2024-10-21,0.92481,,34.266,17.6314,37.051934992052416,,1.94346450083374
2024-10-28,0.92293,,34.293,17.6734,37.156664102369625,,1.9403736689035496
2024-11-04,0.92498,,34.309,17.5279,37.09161279162792,,1.9573936409952133
2024-11-11,0.94313,,34.371,18.0826,36.44354436822072,,1.9007775430524367
2024-11-18,0.95003,,34.519,18.0739,36.33464206393482,,1.9098810992646853
2024-11-25,0.94967,,34.638,18.1035,36.47372245095664,,1.9133316761952108
2024-12-02,0.95003,,34.75,18.1175,36.57779228024378,,1.918035048985788
2024-12-09,0.95039,,34.872,17.8116,36.69230526415472,,1.957825237485684
2024-12-16,0.95648,,35.045,18.1549,36.63955336232854,,1.9303328577959669
2024-12-23,0.9608,,35.228,18.5944,36.66527893422148,,1.89454889644194
2024-12-30,0.96497,,35.343,18.758,36.62600909872846,,1.8841560934001496
2025-01-06,0.96684,,35.362,18.7759,36.574821066567374,,1.883371769129576
2025-01-13,0.97437,,35.495,18.923,36.42866672824491,,1.875759657559584
2025-01-20,0.96172,,35.645,18.5535,37.063802354115545,,1.921200851591344
2025-01-27,0.95886,,35.781,18.6355,37.31618797321819,,1.920045075259585
2025-02-03,0.96581,,35.944,18.6415,37.2164297325561,,1.9281710162808787
2025-02-10,0.96376,,36.096,18.4538,37.453307877479865,,1.9560198983407209
2025-02-17,0.95675,,36.308,18.4453,37.949307551607006,,1.9684147181124727
2025-02-24,0.95529,,36.448,18.3917,38.15385903756975,,1.981763512888966
2025-03-03,0.93686,,36.443,18.4138,38.89908844437802,,1.97911349096873
2025-03-10,0.91979,,36.609,18.2998,39.80147642396634,,2.0005136668160306
2025-03-17,0.91946,,37.461,18.1358,40.74239227372588,,2.06558299054908
2025-03-24,0.92558,,38.0,18.196,41.05533827437931,,2.088371070564959
2025-03-31,0.91642,,37.948,18.6565,41.40896095676655,,2.03403639482218
2025-04-07,0.90269,,38.001,19.4322,42.09750855775516,,1.955568592336431
2025-04-14,0.88075,,38.098,18.8885,43.25631564007948,,2.016994467533155
2025-04-21,0.87673,,38.319,18.6849,43.70672841125546,,2.050800378915595
2025-04-28,0.88013,,38.48,18.5284,43.72081397066342,,2.0768118132164672
2025-05-05,0.88378,,38.643,18.2439,43.724682613320056,,2.1181326361139887
2025-05-12,0.8959,,38.766,18.2252,43.27045429177363,,2.1270548471347364
2025-05-19,0.88598,,38.891,17.9897,43.896024740964805,,2.1618481686742967
2025-05-26,0.88222,,39.064,17.8844,44.27920473351318,,2.184249960859744
2025-06-02,0.87681,,39.201,17.8395,44.70865980086906,,2.197427057933238
2025-06-09,0.87138,,39.28,17.7989,45.07792237600128,,2.206877953131935
2025-06-16,0.86738,,39.51,17.9495,45.55096958657105,,2.2011755202094765
2025-06-23,0.86096,,39.754,17.8476,46.17403828284706,,2.2274143302180685
2025-06-30,0.84983,,39.813,17.6341,46.84819316804538,,2.257727924872832
2025-07-07,0.85419,,40.053,17.8218,46.89003617462157,,2.2474160859172474
2025-07-14,0.85933,,40.263,17.8414,46.85394435199515,,2.256717522167542
2025-07-21,0.85368,,40.455,17.637,47.388951363508575,,2.2937574417417927
2025-07-28,0.86858,,40.591,18.0231,46.73259803357204,,2.252165276783684
2025-08-04,0.86199,,40.667,17.8588,47.178041508602185,,2.2771406813447714
2025-08-11,0.85741,,40.776,17.6327,47.55717801285267,,2.312521621759572
2025-08-18,0.8583,,40.887,17.6517,47.6371897937784,,2.316320807627594
2025-08-25,0.85793,,41.046,17.6639,47.843064119450304,,2.3237223942617424
2025-09-01,0.85675,,41.158,17.6782,48.0396848555588,,2.3281782081886164
2025-09-08,0.85353,,41.299,17.5111,48.38611413775731,,2.3584469279485583
2025-09-15,0.84796,,41.31,17.3611,48.71692060946271,,2.3794575228528148
2025-09-22,0.85121,,41.459,17.3434,48.7059597514127,,2.3904770690868
2025-09-29,0.85215,,41.611,17.2382,48.83060494044476,,2.4138831200473367
2025-10-06,0.85985,,41.733,17.1899,48.53520962958656,,2.42776281421067
2025-10-13,0.86096,,41.854,17.3681,48.61317598959302,,2.4098203027389298
2025-10-20,0.86125,,41.999,17.3568,48.76516690856314,,2.419743270648968
2025-10-27,0.86192,,41.973,17.2488,48.69709485799146,,2.43338667037707
2025-11-03,0.86821,,42.112,17.3832,48.50439409820205,,2.422568917115376
2025-11-10,0.86222,,42.257,17.1065,49.00953352972559,,2.4702306140940578
2025-11-17,0.86505,,42.367,17.2131,48.976359747991445,,2.461323062086434
2025-11-24,0.86468,,42.431,17.1855,49.07133274737475,,2.4690000290942944
2025-12-01,0.85852,,42.454,17.0343,49.4502166519126,,2.492265605278761
2025-12-08,0.8566,,42.589,16.9721,49.71865514826056,,2.509353586179671
2025-12-15,0.85208,,42.738,16.7654,50.157262228898695,,2.549178665585074
2025-12-22,0.8494,,42.829,16.6562,50.422651283258766,,2.571354810821196
2025-12-29,0.85121,,42.965,16.5888,50.47520588338953,,2.5900004822530867
2026-01-05,0.8566,,43.058,16.4854,50.26616857342984,,2.611886881725648
2026-01-12,0.85852,,43.185,16.3991,50.30168196431068,,2.6333762218658343
2026-01-19,0.85404,,43.297,16.3068,50.69668867968713,,2.655149998773518
2026-01-26,0.83857,,43.422,15.9099,51.78100814481796,,2.7292440555880297
2026-01-30,0.839,,43.487,15.933,51.83194278903457,,2.729366723153204
2026-02-02,0.84459,,43.492,16.0282,51.49480813175624,,2.713467513507444
2026-02-03,0.84739,,43.492,15.9493,51.32465570752546,,2.726890835334466
2026-02-04,0.84602,,43.509,15.9375,51.4278622254793,,2.7299764705882352
2026-02-05,0.8476,,43.54,16.1798,51.36857008022652,,2.6910097776239508
2026-02-06,0.84789,,43.615,16.1243,51.4394555897581,,2.704923624591455
2026-02-09,0.84133,,43.589,15.9753,51.8096347449871,,2.728524659943788
2026-02-10,0.84076,,43.635,15.9574,51.89947190637043,,2.734468021106195
2026-02-11,0.84034,,43.643,15.8814,51.93493109931695,,2.748057476041155
2026-02-12,0.84218,,43.649,15.8952,51.82858771284048,,2.7460491217474456
2026-02-13,0.84303,,43.74,16.0336,51.88427458097577,,2.728021155573296
2026-02-16,0.84353,,43.709,15.9504,51.81677000225244,,2.7403074531046245
2026-02-17,0.84559,,43.727,16.0934,51.71182251445736,,2.7170765655486098
2026-02-18,0.84424,,43.757,16.0231,51.83004832748981,,2.730869806716553
2026-02-19,0.85085,,43.77,16.2188,51.44267497208674,,2.698720003946038
2026-02-20,0.84983,,43.846,16.0973,51.593848181400986,,2.7238108254179267
2026-02-23,0.84861,,43.839,16.0115,51.65977304061936,,2.73796958436124
2026-02-24,0.84911,,43.852,16.0083,51.64466323562318,,2.739328973095207
2026-02-25,0.84861,,43.869,15.8603,51.695124969067066,,2.7659628128093416
2026-02-26,0.84645,,43.882,15.8763,51.84240061433044,,2.7639941296145825
2026-02-27,0.8471,,43.96,15.9405,51.89469956321568,,2.7577554029045515
2026-03-02,0.85485,,43.959,16.1613,51.42305667660994,,2.72001633531956
2026-03-03,0.86162,,43.978,16.3934,51.04106218518604,,2.682664974928935
2026-03-04,0.85844,,43.974,16.3188,51.22547877545315,,2.6946834326053386
2026-03-05,0.86073,,43.994,16.5028,51.11242782289452,,2.665850643527159
2026-03-06,0.86498,,44.074,16.718,50.953779278133595,,2.636320133987319
2026-03-09,0.86543,,44.084,16.6768,50.93883965196492,,2.6434327928619403
2026-03-10,0.85903,,44.045,16.2888,51.272947394153874,,2.7040052060311384
2026-03-11,0.86348,,44.096,16.4018,51.06777227034789,,2.688485410137911
2026-03-12,0.86603,,44.109,16.5417,50.93241573617542,,2.666533669453563
2026-03-13,0.87138,,44.19,16.7963,50.71266267300144,,2.630936575317183
2026-03-16,0.87123,,44.185,16.7678,50.71565487873467,,2.6351101516000908
2026-03-17,0.86723,,44.205,16.6587,50.97263701670837,,2.6535684056979236
2026-03-18,0.86957,,44.221,16.8847,50.85387030371333,,2.618998264701179
2026-03-19,0.8704,,44.321,17.0689,50.920266544117645,,2.596593805107535
2026-03-20,0.86543,,44.307,16.8859,51.19651502721191,,2.6239051516353884
2026-03-23,0.86237,,44.321,16.8109,51.39441307095562,,2.6364442117911593
2026-03-24,0.86415,,44.348,17.1019,51.31979401724238,,2.5931621632684085
2026-03-25,0.86266,,44.357,16.9135,51.418867224630795,,2.622579596180566
2026-03-26,0.86663,,44.367,17.0577,51.194858244002624,,2.6009954448724035
2026-03-27,0.86828,,44.456,17.1906,51.200073708941815,,2.586064477097949
2026-03-30,0.87078,,44.456,17.1845,51.053078848848166,,2.5869824551194394
2026-03-31,0.86972,,44.48,17.07,51.14289656441153,,2.605741066198008
2026-04-01,0.8617,,44.467,16.7811,51.603806429151675,,2.649826292674497
2026-04-02,0.86768,,44.495,17.0118,51.28042596348884,,2.6155374504755518
2026-04-07,0.86528,,44.609,16.8895,51.554410133136095,,2.6412267977145563
2026-04-08,0.85426,,44.482,16.3104,52.07079811766909,,2.7272169903865016
2026-04-09,0.8558,,44.591,16.4321,52.10446365973358,,2.7136519373664965
2026-04-10,0.8539,,44.672,16.4281,52.31525939805598,,2.719243247849721
2026-04-13,0.85587,,44.718,16.591,52.24858915489502,,2.6953167379904768
