date,title,link,relevant,sentiment,event_type,magnitude,confidence,llm_summary
2026-04-20,Mersin’de narenciye bahçelerinin bulunduğu Davultepe Mahallesi'ni 'organize tarım bölgesi' yapma çalışmaları protesto edildi - Cumhuriyet,https://news.google.com/rss/articles/CBMi_AFBVV95cUxOcHFpdjJnb2U4dWRsRXdaYTU5NElrN1ZEMWxoWS1CYTllR1FSUUcxYTBzalNLZUVWYjhkYkJFTVZiVUppUEVEdXVhOWxadWlBdkFwVGJIRTNkNFc4X1AtZTBQWVM5ejNPMXI4YUd0ZUpOSm9ld0JRR3l0eXVqbFEyVU0yQUtYdl9nc2M1MlBwd2laZm02RzlxR0lMR0Y4UnNkZnBBSHNibDFQVE9qUFdBR1FuZUw2Y2hsNTJyZlNYWVNhU2ROWkZwX3QyWE0yQzhvX2twTE9hUkk5TzlWc0phbWg3OXFHRF9Xb1p1eFBpcU5FX0VzR2VnZUt2aE4?oc=5,True,bearish,policy,2,0.7,Protests against converting citrus orchards to organized farming zone may disrupt supply.
2026-04-21,Antalya halinde fiyatlar uçuşta! 21 Nisan 2026 tezgah fiyatları - Antalya Körfez,https://news.google.com/rss/articles/CBMilwFBVV95cUxOb2s2NS0tdFBzeS1EQ0c3eEg0SFJpOFh3ZFd1aXEwSVBHcGE1SkVtVlZBdGIyVEt3YWw2cEplZDZ1eEZjZDBpclZvOG5RSGNyNTR0T195ZW9xMTl3eW1OajVLMV9jTGlzNkdoRkp4U1hfejFYeURMN0cwOE9URUdoTGFabWRLeF9TZDJUVE95RkhMczBhdnBv?oc=5,False,neutral,other,1,0.9,"Article lists general market prices in Antalya, no specific orange information."
2026-04-22,Meyve sebzeye bir 'haller' oldu - Antalya 3T,https://news.google.com/rss/articles/CBMiZkFVX3lxTFAzZ1Bub1NKaTRhMGlFblE2c2pHbmdWaTdOY0l6OHF3NUQxcFFOMnVnMEhWZldXMktZbmxLeHA2ZUVYRUhsbGNESHR1SHhPeGk5UnVoVURPSzV1Rk1KUS0zR0lBUklJUdIBa0FVX3lxTFAyNmVtZ1FLUFFBY2duc2RKRFBUenRZT3B1dXNmTzhnTnp4VXR3V1lKcElwSmZjbnFkOXZna3lZdnBkYUROZ2VMcURIcmNkNVNTbUE2WndJVThEa01sSzJPdHRka2xxNHV6M2xN?oc=5,False,neutral,other,1,0.9,"Article title and summary are generic, no specific info on Turkish oranges."
2026-04-24,Narenciyede 697 Milyon Dolarlık Dev İhracat: Zirve Irak ve Rusya'nın! - Memleket,https://news.google.com/rss/articles/CBMiqwFBVV95cUxPQWFOOU9sZEFkTkd4T1VjQnI1a000QzJ5SGRlMENwT1VjY1RBbjZYMUVTUnNranhKMEJNOUVfejJxQmxjUHhMejdPXzNZUmk0dFJNZ3pmdGVlYmJJanRwN3JTY213YWpJN0ZDYm5zT254Z1ZybnkyQWZRbWtVNWVKNHRvUmlXaGxhUUtrZXBqNkh0Y0V0cEtCT1dUeWNLcjdJWXY0U196UWdncHfSAbsBQVVfeXFMTlpLUjhKdVdKblNpaER4QkV5bWRmdnF0S2dRa2gzRnJKRlB4VVl4eFZaM3NwMTVTWS1uNWh4OU12Q2hTMWJ1eHRQSWRoYUVLT1dYUXZoTzg5aEdIa0JXdUJXNk1ZQllZRWxieFI1S2NCcHBwVG5LZGZDWU1qSXVsOGV1VkRzU3VxdzJtS0dKTk1iM18zN1pVZmNjT042VWhQWEFWcjRlRlZDcDlHcWVZdng4aHFRRmpabWl1aw?oc=5,True,bullish,trade,2,0.8,"Turkey's citrus exports reached $697 million, with top buyers Iraq and Russia, indicating strong demand."
2026-04-24,Bakan Yumaklı’dan Antalya’da biyolojik mücadele vurgusu - haberimizvar.net,https://news.google.com/rss/articles/CBMioAFBVV95cUxPVVctVnhUbXFfZ0duSGRfVTJwZFNadVJEUXdweVdNVEozSmN2MzR1bmZWeFZ2Y0MxUEZuM3pDM0hWTGR1QThsOW5OaUlDMnZVUjVrNXlRUEkyTV9fSHJsNF9nQ2VYTHBQZGVIVkdfM3dNRXl2aWliakhQT2g4QldiWWhucVhhcHp1X1JMM2dpbEFzdkIwalhHS3ZGUGF5WlJu?oc=5,False,neutral,other,1,0.9,"Article about biological control in Antalya, not directly related to orange prices."
2026-04-27,Fiyatlar düşmek bilmiyor! Antalya Hali'nde durum vahim - Alanya Postası,https://news.google.com/rss/articles/CBMijgFBVV95cUxNRFdoa1pERnFPVVltZHI5UWJkRzdqb0Fpbi1YSFZtWU0zR3o2ZVM1OUdGaFpGR3BiRnlrbS1oUnRMcFM2VzR6MzVacnVqY01CSzFXWkVRQUE5RVN4WWlHd1NjY2Zzc1ZhM1dCUjlMQ1Fpd211aWozVzB6RnRtellTS1NuRFROdEVLZW9SRFhR?oc=5,False,neutral,other,1,0.3,Article title mentions falling prices in Antalya market but summary lacks specific details on oranges.
2026-05-02,"Bakan Uraloğlu: ""Zeytin ve Narenciye Pazara Daha Hızlı Ulaşacak"" - Sonses.tv",https://news.google.com/rss/articles/CBMiwwFBVV95cUxPY3lyYlN4ZGNyMThseDMxU0cyOWhYN3FzQndYWmhjLUNCQ2VTOUZuS203ekNuSzg2OEVDZVBkSHpnVzlZR0Y1WFp6Q1dSNE1sYkRMSE5CUGdUN2pnMDN0bUk1Zk1XZnViODRfQkZKN0dVMXduMHZtTWF3Q0ZGMV9mdjRPNG1EUmhuNlZKM0N4ZnpobTRQQmNHS2FrUG82Y3ZOMzJFVUF0dmhLR3AzUy14NE56TFBPWXppcENZYVJsWW1DN2vSAcgBQVVfeXFMUFJad05UbDY0aElPT1ptdWc5MVlVX1BBb3VIeUlnS3JRZG9WdUtLNWpBNVhMZkw5OXE1WFljY3VybzFfTDJVRUI4MnZhWnVILWRfXzEwZ05QMGpiOGVVMEI2ZU1YajliNGxUZU80QklWTEZmbkRSdlVZQ3hvQ2x6SkotYVZSMGdRNkZlRzZUVlhJVTc3X3JXM0FCMGtTQVE4d2xuRVRPRzg5NzZhbTdOV29mTEdDU0hsa2tRSnFFUDBFWUwzSF96VEE?oc=5,True,bullish,policy,2,0.7,"Minister says olives and citrus will reach market faster, implying improved logistics and potential price support."
2026-05-02,"Bakan Uraloğlu: ""Zeytin ve Narenciye Pazara Daha Hızlı Ulaşacak"" - Sonses.tv",https://news.google.com/rss/articles/CBMikwFBVV95cUxQd3JlS29VNndmVjhLcm80NFc2SUpMSjFlRmNqR0toMS1WcnZIQTBvbURUZkVYZk1KOHpkUmpyenlIWV9kNnIwRGJKLWJTMkpMcnJHcjNsT1RsYVNwN1VmdmpEV0RFYWVid2JpWklvRWc0RXc5RUU5eHJHby1DMFh6dTBKVU5uc1hZOVNlYm82M01JRHM?oc=5,True,bullish,policy,2,0.7,"Minister says olives and citrus will reach market faster, improving supply chain efficiency."
2026-05-02,"Görünce şok olmayın! Antalya Hali'nde ürün azaldı, fiyatlar fırladı - Alanya Postası",https://news.google.com/rss/articles/CBMingFBVV95cUxNXy14bnRUUmhJc2dlOEljVlNjaEo1MVVfMklocGM0LUdUYXZkTU5BY3B3TG9kN2RsaWYwWmxjU0hGR0dFMW5kcHdpMGV3eFFwczV4QUlKVEVSUTNUUGFRem81OWFIVWVNZVJ0ZFZYSFczUnFTT01ybS01Q3BCbDhScXdxTF8yeW50ZE02YXNaWWdYcVMwQUMzWWVxZ1dJQQ?oc=5,True,bullish,supply,2,0.8,Product decrease in Antalya market leads to price surge for oranges.
2026-05-03,Antalya Hal’inde meyve ve sebze fiyatları patladı - baskentgazete.com.tr,https://news.google.com/rss/articles/CBMiiAFBVV95cUxPSzZobGhPTzlqdHcxSWk1eWhWS092MFZJdHhsbHBkYTF6U1B2QVhXUC1xakxocXNOcVIyNlFnaF9WTkRQQ0xIWlluTkJmZEFxd1R5dGNOR2FCYS1pbUpPcGpwSnZCYjF4UHZNZEFoYTdzbEYzbVJJdTREUmowa1Z4SFVCVktYeUhO0gGOAUFVX3lxTE9tSEVsMTl2TXJialVxeFZOQ09EVVNwWU5EM3RPVGt6OGw5YjNjX3RRcGdQMkN5UHBNc0x4SWNkSHVha1hUNXRNa29lRWhOU092MzdYVlhhX0xXZ1lkbU10VV9OSGNSYXJuU2xPblRPUFVuY09fQ0FBejJ6UzNNdmF5eWUyd3hucEdzeHdYSFE?oc=5,False,neutral,other,1,0.7,"Article reports general fruit and vegetable price surge in Antalya market, no specific orange mention."
2026-05-14,Antalya'da Kurban Bayramı Denetimi - Son Dakika,https://news.google.com/rss/articles/CBMiiwFBVV95cUxQMTNYLXdyLV9nczNwTFpCTTlwLUFOeWRsX1JOSFZuRi0tbG9IMG5uVVRVTExid0NFYWc1X2liZmR4enJ6UGNnWnh4OFlrRnIyR1pTNkV6Z3I3d1A4eXN6SlBYY0lEWk5oU2FERDNrRDdZNDFiQUxFRVd0V0JvYjZHTE1jVlFhc3ZZbE9F0gGHAUFVX3lxTFBGQy1CTmpoVEFmOEdINFV1OWFtLUhWak5uYWJpaFE4YTNMTDBKSVVPV29LYjA4dDNYNFZYTDZyeFNfWnVUSzVmS3didXh5UEllTU1FNzUzd2NBVmNpdnN4bGVOUF83NGtXZlVaZUZkYmlvcEhLZGRJTjJPbk9oUVFpR1VkcjVucw?oc=5,False,neutral,other,1,0.95,"Article about Kurban Bayramı inspection in Antalya, not related to orange prices."
2026-05-14,Antalya’da sebze-meyve fiyatları yakın markajda - Alanya Postası,https://news.google.com/rss/articles/CBMihgFBVV95cUxOalg1MjEtUEtPanQtNWMxa2N1VmRadlFiT0NZblJOQk9rSUtfcko0S1EtbGkxclAzYTZQbUtmdXVzSFhKVkhmcThxamFyTTVUOS1wMnZGTnU4cUd1YW8yQ3k1NE81TjdoR3Y5c1I1NWVDb0NZbWVkOVlWaEVMb0hfZGFJaUhUQQ?oc=5,False,neutral,other,1,0.9,"Article about vegetable and fruit prices in Antalya, no specific orange information."
2026-05-14,Antalya halinde bayram denetimi: Faturalar ve künyeler tek tek incelendi - MSN,https://news.google.com/rss/articles/CBMixAFBVV95cUxNSjJQVWlFS0xEejdmMWtLajBXM213dmRDemRaMWdwM2R4SVlQbEpIMlozM3ZLal9mZHlpOTZ4RzJXNHptcGtoNzNqVEE4MVVtZ09jcjdVcndvMlFxS2ZyNDhYMFlSZWJrSTlJa2N3WUFQdzBPRHdZN0J5R2FldkxnbFB0ZXhUMHNndERnUFdDVC04YXdzNUNwcDdlbGZxRTZESjd5VlFCUUJONi1oSmlJdzBQV1hGQmNpQXFiakRWNU8wNERF?oc=5,False,neutral,other,1,0.9,"Article about holiday inspection in Antalya market, not related to orange prices."
2026-05-15,Antalya’da domates üretimi alarmı - Alanya Postası,https://news.google.com/rss/articles/CBMie0FVX3lxTFBxUF9wV2FBTUxwM0xxNWJvRVVWME13UlRicFBrSmdZa3AzY1BveUU2Qk5heHZhLVFhS1FTMkx4a0hHOGlpandnc1V3R2t0Y0FfQ3VfbTUwNjJubXpCZjJjamR5UTROdWVpVTVLX255WWJpWF9xNVVYSWljVQ?oc=5,False,neutral,other,1,0.95,"Article about tomato production alarm in Antalya, not related to oranges."
2026-05-15,"Elmada büyük fiyat oyunu! Depolar doldu, ucuz satış durdu - MYGAZETE",https://news.google.com/rss/articles/CBMikgFBVV95cUxNVGMzWTNCaUs4T1dBU2NfRi1kbjhUMEI4M2F3OTcySTl0SzJiYnd6REw0bENXTkZVWUJvdVNyc0xpVy1TMG9CQTVWMUVPYmc0V1BnTDRqa1N6SEtXYXdsVkJ0NHE2SWs0R0tHanJDN0hnR0w2MUxpbzlsdXR3M283WDZBa3k2VktWd1Q4d2xNbDdtUQ?oc=5,False,neutral,other,1,0.95,"Article about apple price manipulation, not relevant to oranges."
2026-05-15,İYİ Partili Ulusoy’dan Osmaniye’de Tarım Mesaisi - Akdeniz Gazetesi,https://news.google.com/rss/articles/CBMihAFBVV95cUxQT1VPVHl4Rm8xeDdvTi02VVF1R3BLaGtycDVuQWtTbXJUVl9wcDFFRG5JQkN1TUJ6RlQ1b0xzRzJRRjZ4d2xXaG1fekNXZ21vOFJSdTB2MUFDUzU0d0xoS3pXem9NbGFPMHBzOFBuUnhfYVNMQXVHd2RwYUtyTmpJbTNFN1A?oc=5,False,neutral,other,1,0.9,"Article about a political party's agricultural visit in Osmaniye, no specific orange price impact."
2026-05-16,Yüzde 45 ürün kaybı fiyatları patlattı - Antalya Ekspres,https://news.google.com/rss/articles/CBMifEFVX3lxTE10dmtTak9kZmo5ejNKai1rbWV2NDlYRGo3TC1TWlpLUmJZQ3lfN0REMFM1LUZUbUQ0UGZlWTZaRUx1VmFlM05RM0lUZ0hURC04d1pGRHV3YWZrQ2hqdkhxbHFrSXdmQmJlNk55SVJaSVRxNFV6c3J4U0V6eTHSAYIBQVVfeXFMTlVHMzhSUFRieTg2UUd3WGFsTndnNzRpLWlqZVczZEg2N0NhVFVSM3psQzBVWWNBZ3p0Y3JqUkkyM21sNDBJSURFOENSeXRiMTl0azQ3Y3ZpTWs0LXRzeEZuSjdCZ2JmWVNZLXk3NGNhRVI2WThTcTcxRlI5RjFkdDBFZw?oc=5,True,bullish,supply,3,0.9,45% crop loss causes orange prices to surge.
2026-05-16,Tarsus TSO’dan Gıda ve Tarım Teknolojileri Alanında Yeni UR-GE Çalışması - Tarsus Akdeniz Gazetesi,https://news.google.com/rss/articles/CBMirwFBVV95cUxOZDdrS2NoWXdxQzIzeDc5ejJ6UURlWkNpN3BtLS1mZmt4WEl3ZzNINFpaT1A5RmZtbXlDVVVxckY0MkRCWXpVUFZDUG5Cejg2blUtTHlKZkFwakdYYmViWVFkbGZvVE1wWTFJNjhyMFBYXzJOTHNybFRnMU5kVzVSZV9GNFQ3VjkzOHd2OTVYT1RkdEF2S0pzSUtkN2JWSkx6ZFdZMVJ4Yl9fRVUxQnpN0gFYQVVfeXFMT2lvT1ZFN2pmT1V4b0tlSTg4Q3FlRkNsQUtEM25IdVYydmlqNkR1QzgtM3o2Y3ZaSzQwaDFsVnBxSXUxNk9hNW9zM0RBRWtnamk5S0d5SnVOYQ?oc=5,False,neutral,other,1,0.9,"Article about a new UR-GE study on food and agri-tech by Tarsus Chamber of Commerce, not specific to oranges."
2026-05-16,"Narenciyede eylem sonuç verdi: Kesim, taşıma ve ihracat faaliyetleri yeniden başladı - Kıbrıs Postası",https://news.google.com/rss/articles/CBMi2AFBVV95cUxQMDZfb3h3MGVJRXRhRllZbHR2SlAyZnlZR1pkSTB2SFVhSFM0NWdJTmRWdFlsbU9hVkZtYklPbU9Ja3k3azQtenIwYXB2YmxDOGpjV2VjZm1IOU9UTnpnSUJqT0FzY2NYY01jbnRDY0FNT2JpWWp1OVdFQnRHVndKQnJ2VjliaDNRZjd2anBQMmJmMlRRWVo5Z3V6N3EydDhuV1pXLXFxT1F3M25CS0JpZVZjX2tmNUw2Q1lOYzVYbTJGYzBrc2JjeHhZV19tcGxDVjJPQ3JiWjI?oc=5,True,bullish,trade,2,0.7,"Citrus cutting, transport, and export activities resume after protest action ends."
2026-05-20,Antalya'da Denetim Süreci - Son Dakika,https://news.google.com/rss/articles/CBMif0FVX3lxTFBJZkEySWQxU0dWMUpmNDloOE5OanFLWnhmZzVBdWVFcXdsMmR5dlZxcEUxQTY3LUp1V3dQUlE4NnNSYndfU2Q1Z0VKeXJNUmJsckw0MXVEWmZDRE5FRlBUajVoY2UzcFpwX2dSS1piVmM3cTcyYlV5aGFTT2hWS2_SAXtBVV95cUxORzR0T1lSWGcybnNyTzVMUWRGTUw0QXcwaktsWW5pYlFoNlJ1NU1EOHVQRjZFVWEzc044NENkRnVQajlIdEpNTVdaRFgzS1ZaRmU1azdfcllPM0gtUXZNQ2E4a0ZkRWhuT3VZR1ZDVzRtaFFmR0dfc3dlSFU?oc=5,False,neutral,other,1,0.9,"Article about inspection process in Antalya, no mention of oranges."
2026-05-20,"Japonya’ya incir, ABD’ye narenciye: Türkiye ihracatta yeni rotaları çizdi - Ekonomist.com.tr",https://news.google.com/rss/articles/CBMiwgFBVV95cUxORGtBOEM2M0hzdmJDNzVnLUxRelpJUFF0SjhEbDc5MzRpb0c3aDZOZzhXYnNmWkNDY1Q1Skw0SWVfQ3g1UTcwdDJqcEwtQlVCQ24wMnRaSnAzQ0U5QjhIbmdHaEh3SHpPcWFGQXIzVWJYdUpCVXZqTDBic2Jfdi02cDBIVUFIQ0c2UW9OWTVLZkJ0SU9oTTg5RVZKMF95VDBiVnhTcU1qNi1JY0t2N2xYTDNoMVU4MFhCWU9pMFlYUTczQQ?oc=5,False,neutral,other,1,0.7,"Article discusses Turkey's new export routes for figs and citrus, but no specific orange price impact."
2026-05-20,Antalya otogarında bayram öncesi bilet ve fiyat etiketi denetimi - Medya Gazete,https://news.google.com/rss/articles/CBMiqgFBVV95cUxOUDdKd0I5M3lTOUxlNFRIVUItQ3I4NHFyUVc0R2hNbGFCdXVHZEJQdFB5Q0VOR0kybTJtUlhzNGFMN3NqTFFGYlQ4NXVJbDB4a2QtQ1VGT29wcmsyYlNJUlVLc2xxaEtLcndQVnlRYW91NURYWkJqOUNaOUViWGk1emVXV3hWUjJZQUN2NkZ3NGl5UlRiWlJlWmp1ZmVoUDBUNG9kUVFOTnd2UQ?oc=5,False,neutral,other,1,0.95,"Article about bus ticket and price tag inspections in Antalya bus terminal before holiday, unrelated to oranges."
2026-05-22,Akdenizli golfçüler İstanbul’dan kupalarla döndü - Antalya 3T,https://news.google.com/rss/articles/CBMifkFVX3lxTE9BeW5nMC1JWFJoUk44eldzWm5sMGVIczNac2xnNTJ1LVlaQkVCY2pqc1ZwYk1wSVhNYXg1cWlqZWVoZkY2R0VGWi1xeEg2WmVtSHQ4a1dMeXIyaGd4RmJTeWlCMDlpVkFjTXZ4a3VITlhUU0NNbW93bGlrTzVOQdIBgwFBVV95cUxOQkJEaVRvbHhHdm05YmI3b21XQ00wYlg0TnNQUk9xbXd5NDIyTHdYWHFrdXN1NDNVRVFZbXRycDVXVGZyTmh5QTNaUXJxRjdGRXppMjZYaW1nX21BYVVtbjlUUVBTSDBoMFNxRHJxUGZ1YmVVR0J5Ym1nT215dkZCMU9LRQ?oc=5,False,neutral,other,1,0.95,"Article about golfers returning from Istanbul with cups, unrelated to oranges."
2026-06-02,"Antalya’da Mayıs Ayında Domates ve Sebze Azaldı, Fiyatlar Katlandı - Akdeniz Gerçek",https://news.google.com/rss/articles/CBMisgFBVV95cUxQZDlaLVZRZ2c4aGlBSkpkYVlKTDdPbjFvSWg4dzRKYVJhNWRuQWwyT1NpSlc2cVlDVVR0X2F4Mkp5SE1pZi1HWXU1aS1SWlBZSE1jdTlXNWNHbmNfQXVSc0ZLYV85b1lnWjFjUjVJN1JaZVNqaFdmV2I4ZkxxRnY5MHdMWVo0YkhQTGJiODcyX04zSDdLS2QtNWdwQTFNWG1DQXlBdUR5RHh3R2ttb2NrX3h3?oc=5,False,neutral,other,1,0.95,"Article discusses tomato and vegetable shortages in Antalya, not oranges."
2026-06-08,Düziçi Belediye Başkanı İba’dan Çiftçiye Gönülden Destek - Akdeniz Gazetesi,https://news.google.com/rss/articles/CBMikAFBVV95cUxPYWJGSHozUTJlU3pjc2pjY3VCTXYzbkQ3SE5WeE5ERlN0OHdBcG5hM2lGdXk2YjlUT1Q4c2xNT0hVWUV4WTB2OUFkZW5CYUR5aVdvbFJsT1JTckQ1UlREWVY3Q1phc0NtRlIycmZnYlFIb3dHZWhTZTlNZ3Nkb2R5c2UyaFBjY3VtdkZwUGk3Y0c?oc=5,False,neutral,other,1,0.9,"Article about Düziçi mayor supporting farmers, no orange-specific info."
2026-06-09,Antalya Kumluca'da biber hasadı: Halde 6-15 lira olan ürün markette 50-100 lira | YEREL HABERLER - GZT,https://news.google.com/rss/articles/CBMixgFBVV95cUxQRUhzbGpxQzBPM0UwTTFxRW1vWk9tZEE0dzQtaHZIWUZqTUJjQUNmZmdjeC1VR0d6bjVwSFM3QkQtSGkwNGhWQlpuelhNQjJSOEhHSWpVZXV2MnZmanVsa0FCRnNMS0lqX0pyd3ZUT3pGQ3BTUFU1aU1XSDN4ZUxGYmNyYUduVEJBNnZ5RjQtWUdXanBfOERIdExQU2Joam82Yjk2UXZ5TktOc3lWbkNfRDdfMFpkMkZZdzE3bjZNZThSZTVfb2c?oc=5,False,neutral,other,1,0.95,"Article about pepper harvest in Antalya, not related to oranges."
